Subject,Dataset,Tweet ID,URL,Content,Author ID,Author Username,Author Blue Verified (T/F),Followers,Author Location,Likes,Views,Date,Original User Sentiment
NFL,codomain,1969804223907762537,https://x.com/Pixelsports_/status/1969804223907762537,"RT @OntherightD: 🏈 Sunday Parlay 

PHI Eagles vs LA Rams

$100 ➡️ $2400 💰

🟢 Jalen Hurts Anytime TD
🟢 Jalen Hurts 2+ Passing TDs
🟢 Jalen Hu…",1587471019958312961,Pixelsports_,True,144,,5,72,"September 21, 2025 at 04:41 PM",Positive
NFL,codomain,1966266764422951300,https://x.com/Pixelsports_/status/1966266764422951300,"🏈 +450 NFL TNF Parlay🤑

WAS Commanders @ GB Packers🧀

$100 ➡️ $550💰

▪️Jordan Love 2+ Passing Touchdowns
▪️Jordan Love 225+ Passing Yards
▪️Josh Jacobs Anytime Touchdown

BETUS gives a 125% Sign Up Bonus https://t.co/ciH8q5bcqU

#NFL #JordanLove #Packers #GoPackGo #NFLParlays #NFLPicks #TNF #Football #GreenBayPackers",1587471019958312961,Pixelsports_,True,144,,5,866,"September 11, 2025 at 10:25 PM",Positive
NFL,codomain,1970335185658064941,https://x.com/Rational_Lions/status/1970335185658064941,"RT @SharpFootball: tonight Penei Sewell allowed only 1 pressure on 30 pass blocks

18th career game allowing 1 or fewer pressures

8th most…",1422048308,Rational_Lions,False,1674,,457,30189,"September 23, 2025 at 03:51 AM",Positive
NFL,codomain,1970329305402982418,https://x.com/Rational_Lions/status/1970329305402982418,"RT @NextGenStats: The Lions did not turn the ball over, allowed zero sacks, made the optimal decision on every fourth down, and missed only…",1422048308,Rational_Lions,False,1674,,1441,102394,"September 23, 2025 at 03:28 AM",Positive
NFL,codomain,1970328200480735318,https://x.com/Rational_Lions/status/1970328200480735318,"RT @PFF: Lions defense vs the Ravens

🦁 7 sacks
🦁 30 pressures
🦁 1 turnover forced https://t.co/linWPBOSjz",1422048308,Rational_Lions,False,1674,,2875,143210,"September 23, 2025 at 03:23 AM",Positive
NFL,codomain,1969908559967314145,https://x.com/JamesHo03148924/status/1969908559967314145,RT @NFL: EDDY PINEIRO WINS IT FOR THE @49ERS! https://t.co/paramBsKnE,895512076197679104,JamesHo03148924,False,2211,"Las Vegas, NV",6757,1618766,"September 21, 2025 at 11:36 PM",Positive
NFL,codomain,1969901316748284396,https://x.com/JamesHo03148924/status/1969901316748284396,🙄,895512076197679104,JamesHo03148924,False,2211,"Las Vegas, NV",0,49,"September 21, 2025 at 11:07 PM",Positive
NFL,codomain,1967022549453468065,https://x.com/JamesHo03148924/status/1967022549453468065,Big plays in this game...⚡️🏈⚡️,895512076197679104,JamesHo03148924,False,2211,"Las Vegas, NV",1,70,"September 14, 2025 at 12:28 AM",Positive
NFL,codomain,1964435057827004896,https://x.com/tehimself/status/1964435057827004896,😅,57809752,tehimself,False,262,"Michigan, USA",1,88,"September 6, 2025 at 09:06 PM",Positive
NFL,codomain,1967804853641789914,https://x.com/tehimself/status/1967804853641789914,😅,57809752,tehimself,False,262,"Michigan, USA",0,45,"September 16, 2025 at 04:16 AM",Positive
NFL,codomain,1970334333605925295,https://x.com/joshw0530/status/1970334333605925295,RT @NFL: FINAL: The @Lions improve to 2-1 after a big MNF win! https://t.co/8pkmJNPT8O,367588981,joshw0530,False,3036,"Columbus, Ohio",3988,168366,"September 23, 2025 at 03:48 AM",Positive
NFL,codomain,1970325536477192479,https://x.com/joshw0530/status/1970325536477192479,"RT @NFL: DAVID. MONTGOMERY.

DETvsBAL on ESPN/ABC
Stream on @NFLPlus and ESPN App https://t.co/qK7GVHfst2",367588981,joshw0530,False,3036,"Columbus, Ohio",1794,179551,"September 23, 2025 at 03:13 AM",Positive
NFL,codomain,1970314933486436699,https://x.com/joshw0530/status/1970314933486436699,"RT @NFL: DAVID MONTGOMERY RUMBLES FOR 72 YARDS!

DETvsBAL on ESPN/ABC
Stream on @NFLPlus and ESPN App https://t.co/PcvsC3hJgW",367588981,joshw0530,False,3036,"Columbus, Ohio",2580,246031,"September 23, 2025 at 02:31 AM",Positive
NFL,codomain,1970314307532660816,https://x.com/joshw0530/status/1970314307532660816,"RT @NFL: Jared Goff drops a DIME to St. Brown for the TD!

DETvsBAL on ESPN/ABC
Stream on @NFLPlus and ESPN App https://t.co/TFr2yU3NL5",367588981,joshw0530,False,3036,"Columbus, Ohio",1328,200769,"September 23, 2025 at 02:28 AM",Positive
NFL,codomain,1970299594769866980,https://x.com/joshw0530/status/1970299594769866980,"RT @NFL: Eight. Seven. SIX.

DETvsBAL on ESPN/ABC
Stream on @NFLPlus and ESPN App https://t.co/oGFB3tN56l",367588981,joshw0530,False,3036,"Columbus, Ohio",1048,203810,"September 23, 2025 at 01:30 AM",Positive
NFL,codomain,1970195277307928603,https://x.com/joshw0530/status/1970195277307928603,RT @lizaboth: Convinced that anyone who doesn’t think women enjoy football in the year of our lord 2025 has never actually formed a genuine…,367588981,joshw0530,False,3036,"Columbus, Ohio",14553,496724,"September 22, 2025 at 06:35 PM",Positive
NFL,codomain,1969896512089169974,https://x.com/StevenjujJu/status/1969896512089169974,"RT @thomasrp93: Jordan Davis today:

- 1 turnover on downs run stop
- 2 blocked FGs
- 1 return TD
- 5 tackles
- 1 sack
- 1 TFL
- 1 QB hit…",1877228809658814465,StevenjujJu,False,95,europe,20635,470798,"September 21, 2025 at 10:48 PM",Positive
NFL,codomain,1970338901794738590,https://x.com/WolverineRoar/status/1970338901794738590,"RT @Lions: ""Put the game in our hands and we'll make it work."" https://t.co/CNWs6o0EhN",1275145256833433600,WolverineRoar,True,509,"Huntington Beach, CA",615,14223,"September 23, 2025 at 04:06 AM",Positive
NFL,codomain,1970336743930073573,https://x.com/WolverineRoar/status/1970336743930073573,RT @getnickwright: I understand the Ravens long term championship pedigree and history of playing their best in the postseason give folks c…,1275145256833433600,WolverineRoar,True,509,"Huntington Beach, CA",1549,76308,"September 23, 2025 at 03:57 AM",Positive
NFL,codomain,1970327407837249695,https://x.com/WolverineRoar/status/1970327407837249695,RT @Lions: tap tap tap https://t.co/IRWlRVyq5f,1275145256833433600,WolverineRoar,True,509,"Huntington Beach, CA",7499,153790,"September 23, 2025 at 03:20 AM",Positive
NFL,codomain,1970249107752255657,https://x.com/jguchi_/status/1970249107752255657,"RT @NFCNorthNewss: 🚨🚨BREAKING: The NFL is cooperating with Federal Investigators over potential match fixing by the #Packers. 

This play i…",709172158858022912,jguchi_,False,225,"Oahu, HI - Las Vegas, NV",28207,6878349,"September 22, 2025 at 10:09 PM",Positive
NFL,codomain,1970333390680522888,https://x.com/yxzJCi4nM5SgWTN/status/1970333390680522888,"RT @LionsPR: The @Lions sacked the Ravens seven times today.

This ties for the most sacks the Ravens have ever allowed in a single game.…",1576208994267725825,yxzJCi4nM5SgWTN,False,32,,2029,40207,"September 23, 2025 at 03:44 AM",Positive
NFL,codomain,1969585119255281826,https://x.com/KnightOw7/status/1969585119255281826,Good night 𝕏 🌙 GN if you're active.,2717661798,KnightOw7,True,1795,Bets = 1 unit,3,62,"September 21, 2025 at 02:11 AM",Positive
NFL,codomain,1969251369035948228,https://x.com/KnightOw7/status/1969251369035948228,Good night 𝕏 🌙 GN if you're active.,2717661798,KnightOw7,True,1795,Bets = 1 unit,3,55,"September 20, 2025 at 04:04 AM",Positive
NFL,codomain,1968912739708924289,https://x.com/KnightOw7/status/1968912739708924289,RT @KnightOw7: Good night 𝕏 🌙 GN if you're active.,2717661798,KnightOw7,True,1795,Bets = 1 unit,3,106,"September 19, 2025 at 05:39 AM",Positive
NFL,codomain,1968860344270663975,https://x.com/KnightOw7/status/1968860344270663975,Good night 𝕏 🌙 GN if you're active.,2717661798,KnightOw7,True,1795,Bets = 1 unit,3,106,"September 19, 2025 at 02:11 AM",Positive
NFL,codomain,1968581312060555549,https://x.com/KnightOw7/status/1968581312060555549,RT @KnightOw7: Good night 𝕏 🌙 GN if you're active.,2717661798,KnightOw7,True,1795,Bets = 1 unit,2,142,"September 18, 2025 at 07:42 AM",Positive
NFL,codomain,1970329313988727117,https://x.com/maurknowsball/status/1970329313988727117,"RT @Schultz_Report: I can’t get over how impressive Dan Campbell was tonight. It’s one thing to have conviction, but it’s another to perpet…",1729420309726380032,maurknowsball,False,1357,bad idea right???,2146,61631,"September 23, 2025 at 03:28 AM",Positive
NFL,codomain,1970312423816253891,https://x.com/maurknowsball/status/1970312423816253891,DAVID MONTGOMERY,1729420309726380032,maurknowsball,False,1357,bad idea right???,0,105,"September 23, 2025 at 02:21 AM",Positive
NFL,codomain,1970304593725931761,https://x.com/vnxsilva/status/1970304593725931761,Único defeito dela é ser Corinthiana.,1432189199004971009,vnxsilva,False,717,"São Joaquim da Barra, Brasil",0,18,"September 23, 2025 at 01:49 AM",Positive
NFL,codomain,1970209786366181484,https://x.com/vnxsilva/status/1970209786366181484,"Era só ter uma casa com uma dessas pra ser feliz, é pedir muito?",1432189199004971009,vnxsilva,False,717,"São Joaquim da Barra, Brasil",0,22,"September 22, 2025 at 07:33 PM",Positive
NFL,codomain,1970204624146555218,https://x.com/vnxsilva/status/1970204624146555218,Kilapada-deku.,1432189199004971009,vnxsilva,False,717,"São Joaquim da Barra, Brasil",1,33,"September 22, 2025 at 07:12 PM",Positive
NFL,codomain,1969905558364057623,https://x.com/ws7__/status/1969905558364057623,"RT @MySportsUpdate: The #Chargers aren’t just 3-0 — they’re 3-0 in the division with wins over the Chiefs, Raiders, and Broncos to start th…",794843649158811648,ws7__,False,113,,16217,816769,"September 21, 2025 at 11:24 PM",Positive
NFL,codomain,1969904038256025733,https://x.com/ws7__/status/1969904038256025733,RT @NFL: CAMERON DICKER WINS IT FOR THE CHARGERS! https://t.co/4xQX54k2sk,794843649158811648,ws7__,False,113,,4120,1196845,"September 21, 2025 at 11:18 PM",Positive
NFL,codomain,1969900578206806415,https://x.com/ws7__/status/1969900578206806415,"RT @NFL: JUSTIN HERBERT ARE YOU SERIOUS ‼️

DENvsLAC on CBS/Paramount+
https://t.co/HkKw7uXVnt https://t.co/fyD04i1mES",794843649158811648,ws7__,False,113,,5719,458870,"September 21, 2025 at 11:04 PM",Positive
NFL,codomain,1960419390970589245,https://x.com/SpencerWheelock/status/1960419390970589245,I love college football.,65193861,SpencerWheelock,False,1306,"Grand Rapids, MI",1,143,"August 26, 2025 at 07:09 PM",Positive
NFL,codomain,1970337492109758504,https://x.com/texasoccer5/status/1970337492109758504,"RT @SharpFootball: tonight Penei Sewell allowed only 1 pressure on 30 pass blocks

18th career game allowing 1 or fewer pressures

8th most…",574777274,texasoccer5,False,1189,,474,31098,"September 23, 2025 at 04:00 AM",Positive
NFL,codomain,1970335383469859215,https://x.com/texasoccer5/status/1970335383469859215,RT @PardonMyTake: https://t.co/bsrzyMjiLt,574777274,texasoccer5,False,1189,,7036,161298,"September 23, 2025 at 03:52 AM",Positive
NFL,codomain,1970334506944209244,https://x.com/texasoccer5/status/1970334506944209244,"RT @Schultz_Report: I can’t get over how impressive Dan Campbell was tonight. It’s one thing to have conviction, but it’s another to perpet…",574777274,texasoccer5,False,1189,,2150,61631,"September 23, 2025 at 03:48 AM",Positive
NFL,codomain,1968145548596425139,https://x.com/walrusinencino/status/1968145548596425139,Amazing.,1671255438451691520,walrusinencino,False,125,Earth One,0,38,"September 17, 2025 at 02:50 AM",Positive
NFL,codomain,1968809531183366218,https://x.com/calebbeltz/status/1968809531183366218,👀,3268916978,calebbeltz,False,249,,0,104,"September 18, 2025 at 10:49 PM",Positive
NFL,codomain,1970341584701944079,https://x.com/detroitjackspo/status/1970341584701944079,"RT @LionsPR: The @Lions have topped 900 total net yards and 90 points over their last two games.

The only other time they've produced 900+…",1962185459523624960,detroitjackspo,False,45,"Birmingham, MI",257,3277,"September 23, 2025 at 04:16 AM",Positive
NFL,codomain,1970336541726699934,https://x.com/detroitjackspo/status/1970336541726699934,"RT @mikegolicjr: Hank Fraley appreciation tweet. this Lions OL, man.",1962185459523624960,detroitjackspo,False,45,"Birmingham, MI",1583,90713,"September 23, 2025 at 03:56 AM",Positive
NFL,codomain,1970336454950957243,https://x.com/detroitjackspo/status/1970336454950957243,"RT @nolanbianchi: “They did it, man. They did it.”

Dan Campbell on two 95+ yard TD drives https://t.co/nhh7PEHbQ8",1962185459523624960,detroitjackspo,False,45,"Birmingham, MI",345,8112,"September 23, 2025 at 03:56 AM",Positive
NFL,codomain,1970334357090189438,https://x.com/detroitjackspo/status/1970334357090189438,"RT @NextGenStats: The Lions did not turn the ball over, allowed zero sacks, made the optimal decision on every fourth down, and missed only…",1962185459523624960,detroitjackspo,False,45,"Birmingham, MI",1469,105738,"September 23, 2025 at 03:48 AM",Positive
NFL,codomain,1970323459545932222,https://x.com/detroitjackspo/status/1970323459545932222,RT @mattcharboneau: Can’t convince me refs don’t call things differently on Branch. That was nonsense,1962185459523624960,detroitjackspo,False,45,"Birmingham, MI",566,12609,"September 23, 2025 at 03:04 AM",Positive
NFL,codomain,1848411603643076931,https://x.com/mimnaugh_alex/status/1848411603643076931,Bout to flip that frown upside down when you realize that the refs robbed the Lynx because the fix is in for the Wolves to win already,1113464336,mimnaugh_alex,False,66,,1,53,"October 21, 2024 at 05:10 PM",Positive
NFL,codomain,1898441269937860662,https://x.com/mimnaugh_alex/status/1898441269937860662,👀,1113464336,mimnaugh_alex,False,66,,3,43,"March 8, 2025 at 06:30 PM",Positive
NFL,codomain,1961467289716289700,https://x.com/mimnaugh_alex/status/1961467289716289700,Viking,1113464336,mimnaugh_alex,False,66,,0,14,"August 29, 2025 at 04:33 PM",Positive
NFL,codomain,1968028070708908227,https://x.com/LouLouBrowneyes/status/1968028070708908227,😭,1326850869934034944,LouLouBrowneyes,False,325,,0,21,"September 16, 2025 at 07:03 PM",Positive
NFL,codomain,1958203045394714657,https://x.com/LouLouBrowneyes/status/1958203045394714657,🤣,1326850869934034944,LouLouBrowneyes,False,325,,0,34,"August 20, 2025 at 04:22 PM",Positive
NFL,codomain,1970283253022982459,https://x.com/BoongV2/status/1970283253022982459,"RT @NFL: Jahmyr Gibbs gets the scoring started!

DETvsBAL on ESPN/ABC
Stream on @NFLPlus and ESPN App https://t.co/iTyQJamK0V",1892880153610747904,BoongV2,False,366,,1225,216520,"September 23, 2025 at 12:25 AM",Positive
NFL,codomain,1969945385427959937,https://x.com/phillydrew9/status/1969945385427959937,😭😭😭😭😭,1806410454161362945,phillydrew9,False,390,Philly,0,99,"September 22, 2025 at 02:02 AM",Positive
NFL,codomain,1970326772077007344,https://x.com/bchells22/status/1970326772077007344,RT @getnickwright: I understand the Ravens long term championship pedigree and history of playing their best in the postseason give folks c…,623968130,bchells22,False,1907,BUFF - A - LO - !!!,1555,76809,"September 23, 2025 at 03:18 AM",Positive
NFL,codomain,1897482726078308503,https://x.com/KyLo179/status/1897482726078308503,👀,211240109,KyLo179,False,56,"Elyria, OH",0,14,"March 6, 2025 at 03:01 AM",Positive
NFL,codomain,1970344898680262976,https://x.com/Detroit4lyfe/status/1970344898680262976,"RT @LionsPR: The @Lions have topped 900 total net yards and 90 points over their last two games.

The only other time they've produced 900+…",19457997,Detroit4lyfe,False,4192,,261,3332,"September 23, 2025 at 04:30 AM",Positive
NFL,codomain,1970333463556562996,https://x.com/Detroit4lyfe/status/1970333463556562996,"RT @Schultz_Report: I can’t get over how impressive Dan Campbell was tonight. It’s one thing to have conviction, but it’s another to perpet…",19457997,Detroit4lyfe,False,4192,,2161,62140,"September 23, 2025 at 03:44 AM",Positive
NFL,codomain,1970332486547784147,https://x.com/Detroit4lyfe/status/1970332486547784147,"RT @LionsPR: The @Lions have won four-straight Monday Night Football games for the first time in franchise history.

 #OnePride https://t.c…",19457997,Detroit4lyfe,False,4192,,2734,54842,"September 23, 2025 at 03:40 AM",Positive
NFL,codomain,1969856329952251925,https://x.com/potulnysburner/status/1969856329952251925,🤣🤣🤣,1362834445607305219,potulnysburner,False,146,"Houghton, MI",0,27,"September 21, 2025 at 08:08 PM",Positive
NFL,codomain,1947023743370314186,https://x.com/goiowastate/status/1947023743370314186,Let’s go!!,67715265,goiowastate,False,4452,"Iowa, USA",15,882,"July 20, 2025 at 08:00 PM",Positive
NFL,codomain,1969502507715215390,https://x.com/Tobirsama/status/1969502507715215390,Pull up for 🦧,1895148552679985152,Tobirsama,True,1123,小心我 ,2,113,"September 20, 2025 at 08:42 PM",Positive
NFL,codomain,1970318555532140848,https://x.com/damanofyadreamz/status/1970318555532140848,😭😭😭😭😭😭😭,2758828270,damanofyadreamz,False,2520,"Atlanta, GA",0,188,"September 23, 2025 at 02:45 AM",Positive
NFL,codomain,1970306104556167273,https://x.com/damanofyadreamz/status/1970306104556167273,😭😭😭😭😭😭😭,2758828270,damanofyadreamz,False,2520,"Atlanta, GA",1,224,"September 23, 2025 at 01:55 AM",Positive
NFL,codomain,1970327493308477487,https://x.com/NewtonAndrewPoe/status/1970327493308477487,RT @NFL: FINAL: The @Lions improve to 2-1 after a big MNF win! https://t.co/8pkmJNPT8O,1957876794323087360,NewtonAndrewPoe,False,59,Staying Alive In America,4040,170569,"September 23, 2025 at 03:20 AM",Positive
NFL,codomain,1970327277130129809,https://x.com/NewtonAndrewPoe/status/1970327277130129809,RT @SportsCenter: FOUR TOUCHDOWNS AND 263 TOTAL YARDS FOR SONIC AND KNUCKLES 🔥🔥🔥 https://t.co/2S7B9pXwA5,1957876794323087360,NewtonAndrewPoe,False,59,Staying Alive In America,7103,252288,"September 23, 2025 at 03:20 AM",Positive
NFL,codomain,1970325409301725441,https://x.com/NewtonAndrewPoe/status/1970325409301725441,"RT @espn: MONTGOMERY TD TO ICE THE RAVENS 😱 

STUNNER 😮 https://t.co/8LGndF9ooK",1957876794323087360,NewtonAndrewPoe,False,59,Staying Alive In America,1447,199005,"September 23, 2025 at 03:12 AM",Positive
NFL,codomain,1970321149876908333,https://x.com/NewtonAndrewPoe/status/1970321149876908333,"RT @NFL: Aidan Hutchinson punches the ball out! @Lions recover!

DETvsBAL on ESPN/ABC
Stream on @NFLPlus and ESPN App https://t.co/VMDMLlHg…",1957876794323087360,NewtonAndrewPoe,False,59,Staying Alive In America,1124,161378,"September 23, 2025 at 02:55 AM",Positive
NFL,codomain,1970320552381554863,https://x.com/ssk_ssk/status/1970320552381554863,"RT @NFL: Aidan Hutchinson punches the ball out! @Lions recover!

DETvsBAL on ESPN/ABC
Stream on @NFLPlus and ESPN App https://t.co/VMDMLlHg…",157515538,ssk_ssk,False,1776,大阪 あるいは 東京,1124,161378,"September 23, 2025 at 02:53 AM",Positive
NFL,codomain,1970301794921365832,https://x.com/ssk_ssk/status/1970301794921365832,"RT @NFL: HALFTIME: All tied up in Baltimore.

DETvsBAL on ESPN/ABC
Stream on @NFLPlus and ESPN App https://t.co/6bnoLrYtQC",157515538,ssk_ssk,False,1776,大阪 あるいは 東京,944,180592,"September 23, 2025 at 01:38 AM",Positive
NFL,codomain,1970217097818259799,https://x.com/djusmarshall/status/1970217097818259799,RT @dave_bfr: Retweet to piss off Packers fans  https://t.co/HXEVMxumSf,132022879,djusmarshall,False,238,"Saskatoon, SK, Canada",8012,242035,"September 22, 2025 at 08:02 PM",Positive
NFL,codomain,1970235596128854243,https://x.com/kd_Glo/status/1970235596128854243,RT @natgeo61: Caleb Williams just reposted this on tik tok 😭 https://t.co/9XB4BtCkNK,2658019369,kd_Glo,False,1483,773,11593,1366394,"September 22, 2025 at 09:15 PM",Positive
NFL,codomain,1970169581961433178,https://x.com/kd_Glo/status/1970169581961433178,😂😂😂😂😂,2658019369,kd_Glo,False,1483,773,0,57,"September 22, 2025 at 04:53 PM",Positive
NFL,codomain,1964362785158037865,https://x.com/sterling4hunnid/status/1964362785158037865,😭,1035972887918899200,sterling4hunnid,False,660,,0,28,"September 6, 2025 at 04:19 PM",Positive
NFL,codomain,1970317570956804462,https://x.com/xAsToldByKayx/status/1970317570956804462,"RT @barstoolsports: Amon-Ra hot mic!

 https://t.co/SZBkaMPSXK",174536496,xAsToldByKayx,False,416,probably @ disney world ,24374,1034329,"September 23, 2025 at 02:41 AM",Positive
NFL,codomain,1970310667308806195,https://x.com/xAsToldByKayx/status/1970310667308806195,"RT @benlikessport: Amon Ra St Brown with probably the CLEAREST hot mic of the season😭

That fine might break 6 figures bro",174536496,xAsToldByKayx,False,416,probably @ disney world ,19184,955121,"September 23, 2025 at 02:14 AM",Positive
NFL,codomain,1970220242677690685,https://x.com/CalypsoMach/status/1970220242677690685,"RT @RonFilipkowski: I guess ABC/Disney decided that their artists, celebrity guests, viewers and subscribers who were canceling on them in…",1677694204422639616,CalypsoMach,False,207,"Birmingham, MI",5465,126159,"September 22, 2025 at 08:14 PM",Positive
NFL,codomain,1969746856692310438,https://x.com/CalypsoMach/status/1969746856692310438,RT @RepThomasMassie: I told Director Kash Patel that the FBI has names of 20 men to whom Jeffrey Epstein trafficked women and girls. This b…,1677694204422639616,CalypsoMach,False,207,"Birmingham, MI",73902,2035279,"September 21, 2025 at 12:53 PM",Positive
NFL,codomain,1970225614171804148,https://x.com/TheBamaNFL/status/1970225614171804148,Damn,1423335848783884297,TheBamaNFL,False,2954,32 cities across the US,29,1548,"September 22, 2025 at 08:36 PM",Positive
NFL,codomain,1969959504641925322,https://x.com/TheBamaNFL/status/1969959504641925322,👀,1423335848783884297,TheBamaNFL,False,2954,32 cities across the US,22,1476,"September 22, 2025 at 02:58 AM",Positive
NFL,codomain,1970189816341110992,https://x.com/intrinsicvalyou/status/1970189816341110992,👀,1323869257407614977,intrinsicvalyou,True,3905,,1,778,"September 22, 2025 at 06:13 PM",Positive
NFL,codomain,1970325910361456714,https://x.com/Keepthefood69/status/1970325910361456714,"RT @skepticgoat: I dont care if the Ravens win this game.  They arent championship caliber. 

Undisciplined. 

Poor situational playcalling…",3335574671,Keepthefood69,False,52,"Atl, Ga",985,19653,"September 23, 2025 at 03:14 AM",Positive
NFL,codomain,1970219561401143412,https://x.com/Keepthefood69/status/1970219561401143412,RT @natgeo61: Caleb Williams just reposted this on tik tok 😭 https://t.co/9XB4BtCkNK,3335574671,Keepthefood69,False,52,"Atl, Ga",11596,1366394,"September 22, 2025 at 08:12 PM",Positive
NFL,codomain,1970332346713792765,https://x.com/DboyLani/status/1970332346713792765,RT @Lions: tap tap tap https://t.co/IRWlRVyq5f,519158396,DboyLani,False,473,"Detroit,MI - Austin,TX",7566,156030,"September 23, 2025 at 03:40 AM",Positive
NFL,codomain,1968851922909036684,https://x.com/DboyLani/status/1968851922909036684,Nope,519158396,DboyLani,False,473,"Detroit,MI - Austin,TX",0,37,"September 19, 2025 at 01:37 AM",Positive
NFL,codomain,1970275273028604252,https://x.com/fashion_nfl/status/1970275273028604252,"RT @NFL: 🎱 @Lj_era8

DETvsBAL– 8:15pm ET on ESPN/ABC
Stream on @NFLPlus and ESPN App https://t.co/v6xDsAIxu7",1247894345866346504,fashion_nfl,True,80779,,882,139996,"September 22, 2025 at 11:53 PM",Positive
NFL,codomain,1970196207168614732,https://x.com/fashion_nfl/status/1970196207168614732,RT @NFL: 49ers DE Nick Bosa believed to have suffered torn ACL vs. Cardinals. (via @RapSheet) https://t.co/3kyQk3doEk,1247894345866346504,fashion_nfl,True,80779,,8445,712279,"September 22, 2025 at 06:39 PM",Positive
NFL,codomain,1970144274483454293,https://x.com/fashion_nfl/status/1970144274483454293,"RT @espn: Henry vs. Gibbs 👀

The King and Sonic on MNF 🍿 

Watch Lions-Ravens on ABC, ESPN and the ESPN App at 8 ET https://t.co/JHSdUz2Va8",1247894345866346504,fashion_nfl,True,80779,,8033,703677,"September 22, 2025 at 03:12 PM",Positive
NFL,codomain,1970325024340123801,https://x.com/fyeahGH/status/1970325024340123801,!!!!!!!!!!!!,288060573,fyeahGH,False,3835,USofA,0,32,"September 23, 2025 at 03:11 AM",Positive
NFL,codomain,1960389992011776271,https://x.com/fyeahGH/status/1960389992011776271,💗,288060573,fyeahGH,False,3835,USofA,0,231,"August 26, 2025 at 05:12 PM",Positive
NFL,codomain,1970313160621203942,https://x.com/UnderCo56515875/status/1970313160621203942,"RT @NFL: DAVID MONTGOMERY RUMBLES FOR 72 YARDS!

DETvsBAL on ESPN/ABC
Stream on @NFLPlus and ESPN App https://t.co/PcvsC3hJgW",1326721368134709251,UnderCo56515875,False,479,"Detroit, MI",2594,247734,"September 23, 2025 at 02:23 AM",Positive
NFL,codomain,1970302476763996461,https://x.com/UnderCo56515875/status/1970302476763996461,RT @BatesEmoni: 🙏🏽,1326721368134709251,UnderCo56515875,False,479,"Detroit, MI",3101,133271,"September 23, 2025 at 01:41 AM",Positive
NFL,codomain,1970295124107370870,https://x.com/UnderCo56515875/status/1970295124107370870,"RT @TheDunkCentral: Emoni Bates is signing with the Philadelphia 76ers, per @PompeyOnSixers https://t.co/Pn1Yw8PIgO",1326721368134709251,UnderCo56515875,False,479,"Detroit, MI",7244,497234,"September 23, 2025 at 01:12 AM",Positive
NFL,codomain,1970139604750897409,https://x.com/UnderCo56515875/status/1970139604750897409,"RT @espn: Henry vs. Gibbs 👀

The King and Sonic on MNF 🍿 

Watch Lions-Ravens on ABC, ESPN and the ESPN App at 8 ET https://t.co/JHSdUz2Va8",1326721368134709251,UnderCo56515875,False,479,"Detroit, MI",8034,703709,"September 22, 2025 at 02:54 PM",Positive
NFL,codomain,1970324923538133083,https://x.com/K2EFFS/status/1970324923538133083,"RT @NFL: DAVID. MONTGOMERY.

DETvsBAL on ESPN/ABC
Stream on @NFLPlus and ESPN App https://t.co/qK7GVHfst2",1015052615892205568,K2EFFS,False,10643,,1812,181678,"September 23, 2025 at 03:10 AM",Positive
NFL,codomain,1969867287902462264,https://x.com/K2EFFS/status/1969867287902462264,RT @Eagles: https://t.co/hEmocJQ8K7,1015052615892205568,K2EFFS,False,10643,,36054,812092,"September 21, 2025 at 08:52 PM",Positive
NFL,codomain,1967320111464980786,https://x.com/idlxwxrship/status/1967320111464980786,i used to pray for times like this 🙏,761705619204153344,idlxwxrship,False,4327,uruguay/méxico/liverpool/NE,0,74,"September 14, 2025 at 08:10 PM",Positive
NFL,codomain,1964895174850691170,https://x.com/ezioluvr/status/1964895174850691170,Wow,1318383450148139011,ezioluvr,False,430,Sunset beach,1,16,"September 8, 2025 at 03:34 AM",Positive
NFL,codomain,1969838269044318273,https://x.com/ezioluvr/status/1969838269044318273,Fuck,1318383450148139011,ezioluvr,False,430,Sunset beach,1,14,"September 21, 2025 at 06:56 PM",Positive
NFL,codomain,1902571593831760243,https://x.com/MGsebastian19/status/1902571593831760243,Fr fr,749282079469400064,MGsebastian19,False,17,Peru,0,40,"March 20, 2025 at 04:03 AM",Positive
NFL,codomain,1899304877638975947,https://x.com/MGsebastian19/status/1899304877638975947,Fr fr,749282079469400064,MGsebastian19,False,17,Peru,0,81,"March 11, 2025 at 03:42 AM",Positive
NFL,codomain,1895696185274614212,https://x.com/MGsebastian19/status/1895696185274614212,🤣🤣,749282079469400064,MGsebastian19,False,17,Peru,0,58,"March 1, 2025 at 04:42 AM",Positive
NFL,codomain,1930286234758246526,https://x.com/MGsebastian19/status/1930286234758246526,Fr,749282079469400064,MGsebastian19,False,17,Peru,0,56,"June 4, 2025 at 03:31 PM",Positive
NFL,codomain,1936951129062904147,https://x.com/MGsebastian19/status/1936951129062904147,Fr fr,749282079469400064,MGsebastian19,False,17,Peru,0,60,"June 23, 2025 at 12:55 AM",Positive
NFL,codomain,1894432993231417412,https://x.com/MGsebastian19/status/1894432993231417412,Fr fr,749282079469400064,MGsebastian19,False,17,Peru,0,96,"February 25, 2025 at 05:03 PM",Positive
NFL,codomain,1889888271607668948,https://x.com/MGsebastian19/status/1889888271607668948,🤣🤣,749282079469400064,MGsebastian19,False,17,Peru,1,132,"February 13, 2025 at 04:04 AM",Positive
NFL,codomain,1951854804898074978,https://x.com/MGsebastian19/status/1951854804898074978,XD,749282079469400064,MGsebastian19,False,17,Peru,0,38,"August 3, 2025 at 03:57 AM",Positive
NFL,codomain,1909978633529081941,https://x.com/MGsebastian19/status/1909978633529081941,Fr fr,749282079469400064,MGsebastian19,False,17,Peru,0,67,"April 9, 2025 at 02:36 PM",Positive
NFL,codomain,1914150448623214853,https://x.com/MGsebastian19/status/1914150448623214853,XD,749282079469400064,MGsebastian19,False,17,Peru,0,83,"April 21, 2025 at 02:53 AM",Positive
NFL,codomain,1895302614298042745,https://x.com/dideluca_/status/1895302614298042745,😂😂😂,1837160816,dideluca_,False,489,Rio de Janeiro,0,75,"February 28, 2025 at 02:38 AM",Positive
NFL,codomain,1968391713661063225,https://x.com/Man47G/status/1968391713661063225,🔥,1401952804588212239,Man47G,False,230,,2,43,"September 17, 2025 at 07:08 PM",Positive
NFL,codomain,1966028688836763771,https://x.com/Man47G/status/1966028688836763771,#5,1401952804588212239,Man47G,False,230,,1,16,"September 11, 2025 at 06:39 AM",Positive
NFL,codomain,1969005657178218641,https://x.com/MikeKarls/status/1969005657178218641,"RT @JimCosta_: Tigers All Star bats in the month of September

Gleyber Torres .154 BA, .626 OPS
Riley Greene .192 BA .605 OPS
Zach McKinstr…",58115055,MikeKarls,False,240,,686,116420,"September 19, 2025 at 11:48 AM",Positive
NFL,codomain,1970331352257143052,https://x.com/SteveKim323/status/1970331352257143052,RT @SportsCenter: Fan got the Sonic &amp; Knuckles poster signed by both of them 🔥 https://t.co/xM1Iy41BAZ,52244066,SteveKim323,True,65363,Los Angeles/Montebello,3495,184095,"September 23, 2025 at 03:36 AM",Negative
NFL,codomain,1969761670580056411,https://x.com/sfgiantsfan15/status/1969761670580056411,Good morning! ☀️ Have a fantastic Sunday legends,149330599,sfgiantsfan15,True,5043,"Antioch, CA",3,38,"September 21, 2025 at 01:52 PM",Negative
NFL,codomain,1962189597875802490,https://x.com/sfgiantsfan15/status/1962189597875802490,Good morning! ☀️ Have a fantastic Sunday legends,149330599,sfgiantsfan15,True,5043,"Antioch, CA",6,77,"August 31, 2025 at 04:23 PM",Negative
NFL,codomain,1970270402707628534,https://x.com/wrigjo01/status/1970270402707628534,RT @MLBONFOX: Repost if your team currently holds a playoff spot heading into the final week of the regular season! ⚾️ https://t.co/UWrXA6Q…,112557981,wrigjo01,False,790,"Cincinnati, OH",5025,206328,"September 22, 2025 at 11:34 PM",Negative
NFL,codomain,1970222671074918493,https://x.com/DotByHurts/status/1970222671074918493,RT @MLBONFOX: Repost if your team currently holds a playoff spot heading into the final week of the regular season! ⚾️ https://t.co/UWrXA6Q…,1579986861623222278,DotByHurts,False,3007,live tweeting football,5025,206368,"September 22, 2025 at 08:24 PM",Negative
NFL,codomain,1969865113885667765,https://x.com/DotByHurts/status/1969865113885667765,RT @Eagles: https://t.co/hEmocJQ8K7,1579986861623222278,DotByHurts,False,3007,live tweeting football,36056,812364,"September 21, 2025 at 08:43 PM",Negative
NFL,codomain,1969856460868751592,https://x.com/DotByHurts/status/1969856460868751592,"RT @Eagles: WHAT A COMEBACK

@BetMGM | #FlyEaglesFly https://t.co/OYAIB9RerZ",1579986861623222278,DotByHurts,False,3007,live tweeting football,28262,889335,"September 21, 2025 at 08:09 PM",Negative
NFL,codomain,1969835695993987320,https://x.com/DotByHurts/status/1969835695993987320,RT @joe_pezz: Kevin Patullo playbook on 3rd and long https://t.co/ZVnIKmisaj,1579986861623222278,DotByHurts,False,3007,live tweeting football,5021,127861,"September 21, 2025 at 06:46 PM",Negative
NFL,codomain,1969827187525378152,https://x.com/DotByHurts/status/1969827187525378152,Fire Kevin Patullo,1579986861623222278,DotByHurts,False,3007,live tweeting football,8,418,"September 21, 2025 at 06:12 PM",Negative
NFL,codomain,1968407319223349561,https://x.com/lorensen_randy/status/1968407319223349561,https://t.co/KZ9OUKtBVb,1481745188456443917,lorensen_randy,True,1597,"Austin, TX",1,33,"September 17, 2025 at 08:10 PM",Negative
NFL,codomain,1968407249405014363,https://x.com/lorensen_randy/status/1968407249405014363,https://t.co/KZ9OUKtBVb,1481745188456443917,lorensen_randy,True,1597,"Austin, TX",0,95,"September 17, 2025 at 08:10 PM",Negative
NFL,codomain,1970334047915159736,https://x.com/Skiiiwalker369/status/1970334047915159736,"RT @jamisonhensley: The Ravens have scored 111 points this season, the most through 3 games by a team with a losing record in NFL history,…",380540638,Skiiiwalker369,False,1132,UpUp&Away..,1304,50359,"September 23, 2025 at 03:46 AM",Negative
NFL,codomain,1970273945862758444,https://x.com/Skiiiwalker369/status/1970273945862758444,RT @808andCarShakes: He was dressed up as himself playing Skate 😂 https://t.co/u33S5xFrgn,380540638,Skiiiwalker369,False,1132,UpUp&Away..,20700,469275,"September 22, 2025 at 11:48 PM",Negative
NFL,codomain,1970345843074138287,https://x.com/OnePrideKing/status/1970345843074138287,RT @the_det_times: THE LIONS HAVE UPSET THE RAVENS 🔥 https://t.co/CYR7FFsHb3,1833554369796624384,OnePrideKing,False,260,,1343,18895,"September 23, 2025 at 04:33 AM",Negative
NFL,codomain,1970341866085220497,https://x.com/OnePrideKing/status/1970341866085220497,RT @the_det_times: Aidan Hutchinson and Al-Quadin Muhammad going crazy in the locker room 😂🔥 https://t.co/uxc1gh8fKa,1833554369796624384,OnePrideKing,False,260,,508,4113,"September 23, 2025 at 04:18 AM",Negative
NFL,codomain,1970341248352559245,https://x.com/OnePrideKing/status/1970341248352559245,RT @Ninja: LETS FREAKING GOOOOOOO DETROIT,1833554369796624384,OnePrideKing,False,260,,1635,48588,"September 23, 2025 at 04:15 AM",Negative
NFL,codomain,1970340954985869431,https://x.com/OnePrideKing/status/1970340954985869431,"RT @the_det_times: Al-Quadin Muhammad tonight:

• 4 Tackles
• 2.5 Sacks
• 2 TFLs
• 3 QBH https://t.co/Ol0wiU6orp",1833554369796624384,OnePrideKing,False,260,,850,8122,"September 23, 2025 at 04:14 AM",Negative
NFL,codomain,1970339928665137572,https://x.com/OnePrideKing/status/1970339928665137572,RT @SportsCenter: FOUR TOUCHDOWNS AND 263 TOTAL YARDS FOR SONIC AND KNUCKLES 🔥🔥🔥 https://t.co/2S7B9pXwA5,1833554369796624384,OnePrideKing,False,260,,7543,264536,"September 23, 2025 at 04:10 AM",Negative
NFL,codomain,1970339215935447218,https://x.com/OnePrideKing/status/1970339215935447218,"RT @Lions: ""Put the game in our hands and we'll make it work."" https://t.co/CNWs6o0EhN",1833554369796624384,OnePrideKing,False,260,,674,16821,"September 23, 2025 at 04:07 AM",Negative
NFL,codomain,1970338742318547021,https://x.com/OnePrideKing/status/1970338742318547021,"RT @Lions: 📁2025 Season
  └📁 Lions @ Ravens
      └📂Receipts
          └🎥 SVP layup https://t.co/HbEPRKQbjV",1833554369796624384,OnePrideKing,False,260,,1253,28701,"September 23, 2025 at 04:05 AM",Negative
NFL,codomain,1970338022156566779,https://x.com/OnePrideKing/status/1970338022156566779,"RT @Lions: ""Our hardest workers are our best players."" https://t.co/1do5SlWSUg",1833554369796624384,OnePrideKing,False,260,,1078,27220,"September 23, 2025 at 04:02 AM",Negative
NFL,codomain,1970336758136287267,https://x.com/OnePrideKing/status/1970336758136287267,"RT @Lions: ""That's what winning teams do."" https://t.co/1hmmQYrpuD",1833554369796624384,OnePrideKing,False,260,,1087,26406,"September 23, 2025 at 03:57 AM",Negative
NFL,codomain,1970336184099577901,https://x.com/OnePrideKing/status/1970336184099577901,"RT @the_det_times: Jahmyr Gibbs was SPEECHLESS after tonight’s win 😭😭😭

 https://t.co/5FaDo8TDxx",1833554369796624384,OnePrideKing,False,260,,253,3579,"September 23, 2025 at 03:55 AM",Negative
NFL,codomain,1970332868950757569,https://x.com/OnePrideKing/status/1970332868950757569,"RT @LionsPR: The @Lions have won four-straight Monday Night Football games for the first time in franchise history.

 #OnePride https://t.c…",1833554369796624384,OnePrideKing,False,260,,2831,57611,"September 23, 2025 at 03:42 AM",Negative
NFL,codomain,1970332793747230733,https://x.com/OnePrideKing/status/1970332793747230733,"RT @LionsPR: The @Lions sacked the Ravens seven times today.

This ties for the most sacks the Ravens have ever allowed in a single game.…",1833554369796624384,OnePrideKing,False,260,,2128,42581,"September 23, 2025 at 03:41 AM",Negative
NFL,codomain,1970307839412375632,https://x.com/Z410S/status/1970307839412375632,"RT @NFL: Jackson. Andrews. TD! @Ravens lead

DETvsBAL on ESPN/ABC
Stream on @NFLPlus and ESPN App https://t.co/LVDt1GrLgI",1056489295,Z410S,False,456,"Baltimore, MD",1233,190935,"September 23, 2025 at 02:02 AM",Negative
NFL,codomain,1962435260198629803,https://x.com/_Aleacyana/status/1962435260198629803,🤫,211753348,_Aleacyana,False,3797,"Cleveland, OH",1,83,"September 1, 2025 at 08:40 AM",Negative
NFL,codomain,1970333376302473293,https://x.com/thatguyjordan18/status/1970333376302473293,This!,2668521397,thatguyjordan18,False,377,"Madison, TN",0,6,"September 23, 2025 at 03:44 AM",Negative
NFL,codomain,1970332646174601553,https://x.com/thatguyjordan18/status/1970332646174601553,"RT @NextGenStats: The Lions did not turn the ball over, allowed zero sacks, made the optimal decision on every fourth down, and missed only…",2668521397,thatguyjordan18,False,377,"Madison, TN",1576,114437,"September 23, 2025 at 03:41 AM",Negative
NFL,codomain,1970324979209109830,https://x.com/thatguyjordan18/status/1970324979209109830,RT @CycloneFB: https://t.co/IPALyzw7hk,2668521397,thatguyjordan18,False,377,"Madison, TN",627,14844,"September 23, 2025 at 03:10 AM",Negative
NFL,codomain,1970230064470995376,https://x.com/thatguyjordan18/status/1970230064470995376,"RT @ShamsCharania: Just in: Houston Rockets' Fred VanVleet has suffered a torn ACL, sources tell ESPN. A devastating, potentially season-en…",2668521397,thatguyjordan18,False,377,"Madison, TN",29791,7521311,"September 22, 2025 at 08:53 PM",Negative
NFL,codomain,1970204064185974837,https://x.com/thatguyjordan18/status/1970204064185974837,"RT @AdamSchefter: Tests today showed that 49ers Pro Bowl DE Nick Bosa suffered a season-ending torn ACL during Sunday’s win over Arizona, s…",2668521397,thatguyjordan18,False,377,"Madison, TN",17554,8388560,"September 22, 2025 at 07:10 PM",Negative
NFL,codomain,1858506452358373850,https://x.com/bflohop/status/1858506452358373850,😂😂,263052539,bflohop,False,97,,2,213,"November 18, 2024 at 01:44 PM",Negative
NFL,codomain,1873462040742007028,https://x.com/bflohop/status/1873462040742007028,MVP,263052539,bflohop,False,97,,0,24,"December 29, 2024 at 08:12 PM",Negative
NFL,codomain,1965516303411851693,https://x.com/Bo_Harris21/status/1965516303411851693,🤣🤣🤣,1679119388,Bo_Harris21,False,462,"San Diego, CA ✈️ ",1,191,"September 9, 2025 at 08:42 PM",Negative
NFL,codomain,1970325261376950285,https://x.com/Bo_Harris21/status/1970325261376950285,"RT @HaterReport_: “Lamar Jackson drops back”

The Detroit Lions defense:

 https://t.co/QofT0xrqUs",1679119388,Bo_Harris21,False,462,"San Diego, CA ✈️ ",2621,84726,"September 23, 2025 at 03:12 AM",Negative
NFL,codomain,1969903718419370095,https://x.com/Bo_Harris21/status/1969903718419370095,RT @NFL: CAMERON DICKER WINS IT FOR THE CHARGERS! https://t.co/4xQX54k2sk,1679119388,Bo_Harris21,False,462,"San Diego, CA ✈️ ",4127,1200584,"September 21, 2025 at 11:17 PM",Negative
NFL,codomain,1969867891874136294,https://x.com/CT_0528/status/1969867891874136294,"RT @w_terrence: As a Black man, it hurts my soul to see people call Charlie Kirk a racist. I knew him personally and I can tell you, he was…",1836438951554342912,CT_0528,False,19,"Indianapolis, IN",291221,7730597,"September 21, 2025 at 08:54 PM",Negative
NFL,codomain,1962389051496882382,https://x.com/CT_0528/status/1962389051496882382,BANG,1836438951554342912,CT_0528,False,19,"Indianapolis, IN",0,3,"September 1, 2025 at 05:36 AM",Negative
NFL,codomain,1966888552433913906,https://x.com/JohnClampShow/status/1966888552433913906,Yes,1729631548419297281,JohnClampShow,True,158,,0,16,"September 13, 2025 at 03:35 PM",Negative
NFL,codomain,1967384824173433205,https://x.com/YG_WAGMI/status/1967384824173433205,"RT @ThePhillyPod: Chris Jones: “You don’t even have 100 yards.”

Jalen Hurts: “We won the f*ckin game shut your ass up.” 💀 https://t.co/LY5…",246564465,YG_WAGMI,False,229,"Toronto, ON",67444,5072459,"September 15, 2025 at 12:27 AM",Negative
NFL,codomain,1970114694498181543,https://x.com/TTrainisWinning/status/1970114694498181543,RT @isfunnyyyy: real😍🤝 https://t.co/SzQlxz79AT,386908360,TTrainisWinning,False,420,,19243,1339035,"September 22, 2025 at 01:15 PM",Negative
NFL,codomain,1967930791486427606,https://x.com/F__T__R_/status/1967930791486427606,RT @NFL: Chargers slide to a 2-0 start ⚡️ https://t.co/LTEtK6cMXK,1746329957033541632,F__T__R_,False,41,"La Mesa, CA",8487,391124,"September 16, 2025 at 12:37 PM",Negative
NFL,codomain,1887309815682359655,https://x.com/sir_nonchalant0/status/1887309815682359655,😭,3258159012,sir_nonchalant0,False,775,"San Antonio, TX",0,84,"February 6, 2025 at 01:18 AM",Negative
NFL,codomain,1969197413781975401,https://x.com/leslie_davis21/status/1969197413781975401,😭,1579275074959511553,leslie_davis21,False,124,"Mobile, AL",0,16,"September 20, 2025 at 12:30 AM",Negative
NFL,codomain,1969803450054762529,https://x.com/stil1dreaming99/status/1969803450054762529,😂😂😂,1737008451006365696,stil1dreaming99,True,26,,0,13,"September 21, 2025 at 04:38 PM",Negative
NFL,codomain,1969838090131837016,https://x.com/wtalleyIII/status/1969838090131837016,Yes,864925108078555136,wtalleyIII,False,242,"Carmel, IN",0,34,"September 21, 2025 at 06:56 PM",Negative
NFL,codomain,1967357686342910425,https://x.com/wtalleyIII/status/1967357686342910425,😂😂😂😂😂,864925108078555136,wtalleyIII,False,242,"Carmel, IN",0,51,"September 14, 2025 at 10:39 PM",Negative
NFL,codomain,1970335340365037696,https://x.com/m_vandy27/status/1970335340365037696,RT @theNFLchick: Super Bowl my ass LOL,501883556,m_vandy27,False,229,,663,12707,"September 23, 2025 at 03:52 AM",Negative
NFL,codomain,1970335294789427282,https://x.com/m_vandy27/status/1970335294789427282,RT @Yuri_Ravens: Zach Orr needs to be fired,501883556,m_vandy27,False,229,,1140,25128,"September 23, 2025 at 03:51 AM",Negative
NFL,codomain,1970324378610282713,https://x.com/m_vandy27/status/1970324378610282713,"RT @skepticgoat: I dont care if the Ravens win this game.  They arent championship caliber. 

Undisciplined. 

Poor situational playcalling…",501883556,m_vandy27,False,229,,997,20090,"September 23, 2025 at 03:08 AM",Negative
NFL,codomain,1970323094314098723,https://x.com/m_vandy27/status/1970323094314098723,"RT @GarrettSprints: Ravens: “We feel like we would’ve won the Super Bowl if we didn’t lose Keaton Mitchell his rookie year”

*Keaton Mitche…",501883556,m_vandy27,False,229,,600,13885,"September 23, 2025 at 03:03 AM",Negative
NFL,codomain,1970322895969886692,https://x.com/m_vandy27/status/1970322895969886692,"RT @bmore_sports8: There is literally 0 disguise in ZO’s
Defense. Everything is telegraphed",501883556,m_vandy27,False,229,,545,12347,"September 23, 2025 at 03:02 AM",Negative
NFL,codomain,1970317650883457114,https://x.com/m_vandy27/status/1970317650883457114,RT @DrewBanned: Stop. Calling. Soft. Zone. And. Play. Man. You. Jackass. @ZO35,501883556,m_vandy27,False,229,,1470,41421,"September 23, 2025 at 02:41 AM",Negative
NFL,codomain,1970317592851026067,https://x.com/m_vandy27/status/1970317592851026067,"RT @brandonleuschel: Fire John Harbaugh
Fire Zach Orr

This shit is terrible man",501883556,m_vandy27,False,229,,1670,39481,"September 23, 2025 at 02:41 AM",Negative
NFL,codomain,1969978044334154030,https://x.com/r1lwy/status/1969978044334154030,RT @localdrain: you can lock in without deactivating your socials btw,1894645651796856833,r1lwy,False,9,"New York, NY",270589,6140964,"September 22, 2025 at 04:12 AM",Negative
NFL,codomain,1969976729583169730,https://x.com/r1lwy/status/1969976729583169730,RT @thematrixwizard: https://t.co/TPUhdUahlX,1894645651796856833,r1lwy,False,9,"New York, NY",185371,7683935,"September 22, 2025 at 04:07 AM",Negative
NFL,codomain,1922826264672337947,https://x.com/r1lwy/status/1922826264672337947,😂😂😂😂,1894645651796856833,r1lwy,False,9,"New York, NY",0,45,"May 15, 2025 at 01:28 AM",Negative
NFL,codomain,1969923143583359089,https://x.com/ChillPhillipe/status/1969923143583359089,😂😂,109012974,ChillPhillipe,False,855,Rialto CA ,1,82,"September 22, 2025 at 12:34 AM",Negative
NFL,codomain,1969984428647846111,https://x.com/ChillPhillipe/status/1969984428647846111,😂😂😂,109012974,ChillPhillipe,False,855,Rialto CA ,0,102,"September 22, 2025 at 04:37 AM",Negative
NFL,codomain,1970228098491932714,https://x.com/FlowersJuanma/status/1970228098491932714,RT @NFL_sts: Análisis de semana 3. Cerramos la semana con un juegazo de ofensivas. ¿Podrá Detroit salir con una victoria en la casa de Poe…,1818754881777197056,FlowersJuanma,False,24,"Puebla, México",743,44372,"September 22, 2025 at 08:45 PM",Negative
NFL,codomain,1968436325884813511,https://x.com/FlowersJuanma/status/1968436325884813511,"RT @NFL_sts: Análisis de semana 3. 
Arrancamos con un duelo sumamente desequilibrado, uno de los mejores equipos de la liga contra unos dol…",1818754881777197056,FlowersJuanma,False,24,"Puebla, México",613,56904,"September 17, 2025 at 10:06 PM",Negative
NFL,codomain,1970332666223591470,https://x.com/kenpomp/status/1970332666223591470,RT @Lions: B'More gritty https://t.co/5h2XIoAsOY,557249871,kenpomp,False,1125,Not quite a mile high,2576,55221,"September 23, 2025 at 03:41 AM",Negative
NFL,codomain,1970326009150070867,https://x.com/kenpomp/status/1970326009150070867,"RT @StevePalazzolo_: Most points allowed this season: 

Ravens 97
Dolphins 97
Titans 94
Bears 93
Jets 93",557249871,kenpomp,False,1125,Not quite a mile high,1961,135974,"September 23, 2025 at 03:15 AM",Negative
NFL,codomain,1970323747505873018,https://x.com/kenpomp/status/1970323747505873018,"RT @Ihartitz: Derrick Henry fumbles:

2023-2024:
3 on 652 touches

2025:
3 on 43 touches",557249871,kenpomp,False,1125,Not quite a mile high,1226,104593,"September 23, 2025 at 03:06 AM",Negative
NFL,codomain,1970222139958796380,https://x.com/kenpomp/status/1970222139958796380,"RT @ShamsCharania: Just in: Houston Rockets' Fred VanVleet has suffered a torn ACL, sources tell ESPN. A devastating, potentially season-en…",557249871,kenpomp,False,1125,Not quite a mile high,29812,7535501,"September 22, 2025 at 08:22 PM",Negative
NFL,codomain,1970231908719276340,https://x.com/DaveKerner/status/1970231908719276340,"RT @AdamSchefter: Tests today showed that 49ers Pro Bowl DE Nick Bosa suffered a season-ending torn ACL during Sunday’s win over Arizona, s…",323539083,DaveKerner,True,2902,Grayslake IL,17562,8399776,"September 22, 2025 at 09:01 PM",Negative
NFL,codomain,1970222027249446969,https://x.com/DaveKerner/status/1970222027249446969,"RT @ShamsCharania: Just in: Houston Rockets' Fred VanVleet has suffered a torn ACL, sources tell ESPN. A devastating, potentially season-en…",323539083,DaveKerner,True,2902,Grayslake IL,29812,7535501,"September 22, 2025 at 08:21 PM",Negative
NFL,codomain,1970168272176689416,https://x.com/DaveKerner/status/1970168272176689416,"RT @WatchMarquee: REPORT: Kyle Hendricks has informed friends that he expects to retire after the season, per @BNightengale. https://t.co/T…",323539083,DaveKerner,True,2902,Grayslake IL,5508,294075,"September 22, 2025 at 04:48 PM",Negative
NFL,codomain,1970348090252021972,https://x.com/J19_Gaming89/status/1970348090252021972,RT @NFL: The @Lions executed this play perfectly https://t.co/fXLdoR6NtU,1888868779339264001,J19_Gaming89,False,525,,981,201964,"September 23, 2025 at 04:42 AM",Negative
NFL,codomain,1970348009012470114,https://x.com/J19_Gaming89/status/1970348009012470114,"RT @mikegolicjr: Hank Fraley appreciation tweet. this Lions OL, man.",1888868779339264001,J19_Gaming89,False,525,,1699,95433,"September 23, 2025 at 04:42 AM",Negative
NFL,codomain,1970347717764272465,https://x.com/J19_Gaming89/status/1970347717764272465,RT @the_det_times: Aidan Hutchinson and Al-Quadin Muhammad going crazy in the locker room 😂🔥 https://t.co/uxc1gh8fKa,1888868779339264001,J19_Gaming89,False,525,,540,4414,"September 23, 2025 at 04:41 AM",Negative
NFL,codomain,1970347171191882074,https://x.com/J19_Gaming89/status/1970347171191882074,"RT @Section344Lions: Dan Campbell is now a rather unfathomable 12-2 in Primetime games as the head coach of the Detroit Lions. 

Best coach…",1888868779339264001,J19_Gaming89,False,525,,300,9010,"September 23, 2025 at 04:39 AM",Negative
NFL,codomain,1970346998839812300,https://x.com/J19_Gaming89/status/1970346998839812300,"RT @Lions: 📁2025 Season
  └📁 Lions @ Ravens
      └📂Receipts
          └🎥 SVP layup https://t.co/HbEPRKQbjV",1888868779339264001,J19_Gaming89,False,525,,1295,30102,"September 23, 2025 at 04:38 AM",Negative
NFL,codomain,1970346664495050999,https://x.com/J19_Gaming89/status/1970346664495050999,"RT @ESPNNFL: ""I'm not too high. I'm not too low. I'm in the flow of the game.""

Amon-Ra St. Brown talks through his 4th &amp; 1 TD pitch to Jah…",1888868779339264001,J19_Gaming89,False,525,,319,20435,"September 23, 2025 at 04:37 AM",Negative
NFL,codomain,1970346236336288050,https://x.com/J19_Gaming89/status/1970346236336288050,"RT @LionsPR: The @Lions have topped 900 total net yards and 90 points over their last two games.

The only other time they've produced 900+…",1888868779339264001,J19_Gaming89,False,525,,394,5265,"September 23, 2025 at 04:35 AM",Negative
NFL,codomain,1970339582362136895,https://x.com/J19_Gaming89/status/1970339582362136895,RT @the_det_times: Kelvin Sheppard appreciation post 👏 https://t.co/o3VoHGW0z1,1888868779339264001,J19_Gaming89,False,525,,2230,16497,"September 23, 2025 at 04:08 AM",Negative
NFL,codomain,1970338497618944144,https://x.com/J19_Gaming89/status/1970338497618944144,"RT @brgridiron: HAVE A NIGHT, SONIC &amp; KNUCKLES 🔥

Jahmyr Gibbs
- 27 touches
- 99 total yards
- 2 TDs

David Montgomery
- 13 touches 
- 164…",1888868779339264001,J19_Gaming89,False,525,,1616,32159,"September 23, 2025 at 04:04 AM",Negative
NFL,codomain,1970338369709482463,https://x.com/J19_Gaming89/status/1970338369709482463,RT @BleacherReport: LAMAR LOSES HIS THIRD GAME EVER TO AN NFC TEAM 😳 https://t.co/8jemZvjcqM,1888868779339264001,J19_Gaming89,False,525,,5118,192309,"September 23, 2025 at 04:04 AM",Negative
NFL,codomain,1970338168101621880,https://x.com/J19_Gaming89/status/1970338168101621880,"RT @SportsCenter: ""I was just full of emotions, got a little excited.""

@notthefakeSVP asked Amon-Ra St. Brown about his reaction after his…",1888868779339264001,J19_Gaming89,False,525,,563,71831,"September 23, 2025 at 04:03 AM",Negative
NFL,codomain,1970338030226391403,https://x.com/J19_Gaming89/status/1970338030226391403,"RT @LionsPR: .@Lions RBs @MontgomerDavid &amp; Jahmyr Gibbs, alongside WR @amonra_stbrown, all produced TDs in tonight’s game.

This marked the…",1888868779339264001,J19_Gaming89,False,525,,649,24167,"September 23, 2025 at 04:02 AM",Negative
NFL,codomain,1970337723706986968,https://x.com/J19_Gaming89/status/1970337723706986968,RT @SportsCenter: Fan got the Sonic &amp; Knuckles poster signed by both of them 🔥 https://t.co/xM1Iy41BAZ,1888868779339264001,J19_Gaming89,False,525,,3640,189759,"September 23, 2025 at 04:01 AM",Negative
NFL,codomain,1970334325380956485,https://x.com/J19_Gaming89/status/1970334325380956485,RT @NFL: Primetime victory vibes 🦁 https://t.co/vjez13vUbI,1888868779339264001,J19_Gaming89,False,525,,1345,96543,"September 23, 2025 at 03:48 AM",Negative
NFL,codomain,1970331531148198377,https://x.com/J19_Gaming89/status/1970331531148198377,RT @NFL: FINAL: The @Lions improve to 2-1 after a big MNF win! https://t.co/8pkmJNPT8O,1888868779339264001,J19_Gaming89,False,525,,4229,179821,"September 23, 2025 at 03:36 AM",Negative
NFL,codomain,1970331467810283658,https://x.com/J19_Gaming89/status/1970331467810283658,RT @Lions: B'More gritty https://t.co/5h2XIoAsOY,1888868779339264001,J19_Gaming89,False,525,,2576,55221,"September 23, 2025 at 03:36 AM",Negative
NFL,codomain,1970328962908999712,https://x.com/J19_Gaming89/status/1970328962908999712,"RT @LionsPR: The @Lions have won four-straight Monday Night Football games for the first time in franchise history.

 #OnePride https://t.c…",1888868779339264001,J19_Gaming89,False,525,,2861,58595,"September 23, 2025 at 03:26 AM",Negative
NFL,codomain,1970328227400032721,https://x.com/J19_Gaming89/status/1970328227400032721,RT @SportsCenter: FOUR TOUCHDOWNS AND 263 TOTAL YARDS FOR SONIC AND KNUCKLES 🔥🔥🔥 https://t.co/2S7B9pXwA5,1888868779339264001,J19_Gaming89,False,525,,7710,268777,"September 23, 2025 at 03:23 AM",Negative
NFL,codomain,1970327656534286697,https://x.com/J19_Gaming89/status/1970327656534286697,RT @Lions: tap tap tap https://t.co/IRWlRVyq5f,1888868779339264001,J19_Gaming89,False,525,,7760,162386,"September 23, 2025 at 03:21 AM",Negative
NFL,codomain,1970327645888950340,https://x.com/J19_Gaming89/status/1970327645888950340,RT @Lions: TD No. 2 for D-Mo https://t.co/cGDKK85XJz,1888868779339264001,J19_Gaming89,False,525,,1298,45213,"September 23, 2025 at 03:21 AM",Negative
NFL,codomain,1970325024189145421,https://x.com/J19_Gaming89/status/1970325024189145421,"RT @Lions: Montgomery making a house call 

#DETvsBAL 📺 ESPN/ABC https://t.co/IcmmvCGHHT",1888868779339264001,J19_Gaming89,False,525,,2325,64501,"September 23, 2025 at 03:11 AM",Negative
NFL,codomain,1970324787294789639,https://x.com/J19_Gaming89/status/1970324787294789639,"RT @Lions: Need a first down? Call St. Brown 📞

#DETvsBAL 📺 ESPN/ABC https://t.co/kGlpbsZWpB",1888868779339264001,J19_Gaming89,False,525,,2939,76860,"September 23, 2025 at 03:10 AM",Negative
NFL,codomain,1969897348466909385,https://x.com/Girthcarlo/status/1969897348466909385,"RT @w_terrence: As a Black man, it hurts my soul to see people call Charlie Kirk a racist. I knew him personally and I can tell you, he was…",1154083338296135681,Girthcarlo,False,76,,291296,7733537,"September 21, 2025 at 10:51 PM",Negative
NFL,codomain,1970247816011489548,https://x.com/bobbyr75/status/1970247816011489548,RT @elonmusk: …,1402769452463276033,bobbyr75,True,38188,Virginia,544654,40983899,"September 22, 2025 at 10:04 PM",Negative
NFL,codomain,1969919991236497850,https://x.com/thejohnnyohio/status/1969919991236497850,"RT @SethWalder: Mason Graham recorded a 43% pass rush win rate against the Packers today. 

Average for a defensive tackle is 9%.",17898148,thejohnnyohio,False,1386,The Great State of Ohio,8296,2249713,"September 22, 2025 at 12:21 AM",Negative
NFL,codomain,1970284602150527375,https://x.com/truckstopfungus/status/1970284602150527375,"RT @NFL: Jahmyr Gibbs gets the scoring started!

DETvsBAL on ESPN/ABC
Stream on @NFLPlus and ESPN App https://t.co/iTyQJamK0V",1704669180287451136,truckstopfungus,False,1279,Retired ,1228,218732,"September 23, 2025 at 12:30 AM",Negative
NFL,codomain,1970308424027021335,https://x.com/truckstopfungus/status/1970308424027021335,"RT @NFL: Jackson. Andrews. TD! @Ravens lead

DETvsBAL on ESPN/ABC
Stream on @NFLPlus and ESPN App https://t.co/LVDt1GrLgI",1704669180287451136,truckstopfungus,False,1279,Retired ,1233,191832,"September 23, 2025 at 02:05 AM",Negative
NFL,codomain,1970302465619960218,https://x.com/truckstopfungus/status/1970302465619960218,"RT @NFL: HALFTIME: All tied up in Baltimore.

DETvsBAL on ESPN/ABC
Stream on @NFLPlus and ESPN App https://t.co/6bnoLrYtQC",1704669180287451136,truckstopfungus,False,1279,Retired ,952,183135,"September 23, 2025 at 01:41 AM",Negative
NFL,codomain,1970260181759205724,https://x.com/SportsStooge10/status/1970260181759205724,🔥🔥🔥,1750529238216962048,SportsStooge10,False,229,Anywhere work takes me,0,19,"September 22, 2025 at 10:53 PM",Negative
NFL,codomain,1969557414153503031,https://x.com/DocHHolliday/status/1969557414153503031,I hate this team,1439253660064571399,DocHHolliday,False,100,"Florida, USA",0,8,"September 21, 2025 at 12:20 AM",Negative
NFL,codomain,1969948659409428754,https://x.com/of_buchsbaum/status/1969948659409428754,RT @elonmusk: https://t.co/NRT8iKStV8,1253889134671740928,of_buchsbaum,False,957,"Seattle, WA",517308,27331858,"September 22, 2025 at 02:15 AM",Negative
NFL,codomain,1969269522004582555,https://x.com/of_buchsbaum/status/1969269522004582555,"RT @Eagles: It's here, QB1 Mic'd up. Enjoy! https://t.co/9m2cdKizZq",1253889134671740928,of_buchsbaum,False,957,"Seattle, WA",6153,203524,"September 20, 2025 at 05:16 AM",Negative
NFL,codomain,1970327350379270579,https://x.com/Utopien669/status/1970327350379270579,"RT @StevePalazzolo_: Most points allowed this season: 

Ravens 97
Dolphins 97
Titans 94
Bears 93
Jets 93",947162741005012994,Utopien669,False,363,fuck tha hoe cau she a nat nat,1973,136563,"September 23, 2025 at 03:20 AM",Negative
NFL,codomain,1969962683178070286,https://x.com/TitanUpSqueaky/status/1969962683178070286,"RT @InIt4TheKicks: Brian Callahan tomorrow.

https://t.co/eBrx0wAX6c",1551454775694196737,TitanUpSqueaky,False,711,"Nashville, TN",1476,48012,"September 22, 2025 at 03:11 AM",Negative
NFL,codomain,1969909884130148820,https://x.com/AidenNEilwx/status/1969909884130148820,RT @dave_bfr: Retweet to piss off Packers fans  https://t.co/HXEVMxumSf,1669226535834853376,AidenNEilwx,False,194,Will County Slabber,8017,242220,"September 21, 2025 at 11:41 PM",Negative
NFL,codomain,1969895635005661635,https://x.com/rimagev/status/1969895635005661635,"No shit, Sherlock",1411163296317775873,rimagev,False,404,"Louisiana, USA",0,12,"September 21, 2025 at 10:44 PM",Negative
NFL,codomain,1970345356325224482,https://x.com/sScottieDrippen/status/1970345356325224482,🤣🤣🤣,1218858572366270467,sScottieDrippen,False,528,,0,15,"September 23, 2025 at 04:31 AM",Negative
NFL,codomain,1970314422280429670,https://x.com/sScottieDrippen/status/1970314422280429670,"RT @NFL: DAVID MONTGOMERY RUMBLES FOR 72 YARDS!

DETvsBAL on ESPN/ABC
Stream on @NFLPlus and ESPN App https://t.co/PcvsC3hJgW",1218858572366270467,sScottieDrippen,False,528,,2625,251950,"September 23, 2025 at 02:28 AM",Negative
NFL,codomain,1970310083704955024,https://x.com/sScottieDrippen/status/1970310083704955024,"RT @NFL: Jared Goff drops a DIME to St. Brown for the TD!

DETvsBAL on ESPN/ABC
Stream on @NFLPlus and ESPN App https://t.co/TFr2yU3NL5",1218858572366270467,sScottieDrippen,False,528,,1343,204741,"September 23, 2025 at 02:11 AM",Negative
NFL,codomain,1970307623087198360,https://x.com/sScottieDrippen/status/1970307623087198360,"RT @NFL: Jackson. Andrews. TD! @Ravens lead

DETvsBAL on ESPN/ABC
Stream on @NFLPlus and ESPN App https://t.co/LVDt1GrLgI",1218858572366270467,sScottieDrippen,False,528,,1233,191975,"September 23, 2025 at 02:01 AM",Negative
NFL,codomain,1969948525468270762,https://x.com/stephenngalim/status/1969948525468270762,😭😭😭,821745923520872448,stephenngalim,False,211,"College Park, MD",0,29,"September 22, 2025 at 02:15 AM",Negative
NFL,codomain,1844604825054626135,https://x.com/mathiastrades/status/1844604825054626135,💯,49724791,mathiastrades,False,121,"Old Head, Ireland",0,46,"October 11, 2024 at 05:03 AM",Negative
NFL,codomain,1913845291964567718,https://x.com/mathiastrades/status/1913845291964567718,💯,49724791,mathiastrades,False,121,"Old Head, Ireland",0,44,"April 20, 2025 at 06:40 AM",Negative
NFL,codomain,1967963877485973987,https://x.com/frofrank2198/status/1967963877485973987,RT @souporsonic_: is 27 a good age to leave everything you know and love and start over,764922312,frofrank2198,False,459,,203651,9581462,"September 16, 2025 at 02:48 PM",Negative
NFL,codomain,1970195491624198509,https://x.com/BradyH_216/status/1970195491624198509,"RT @OhioStAthletics: Game Time Announced ⏰

🏈 No. 1 @OhioStateFB 🆚 Minnesota 
🗓️ Saturday, October 4th
🕢 7:30 PM 
📺 NBC
🎟️ https://t.co/Kbg…",1684773856706224128,BradyH_216,True,9455,"Cleveland, OH",1833,116393,"September 22, 2025 at 06:36 PM",Negative
NFL,codomain,1970221187612721621,https://x.com/double_deck3/status/1970221187612721621,RT @RapSheet: Coach Ben Johnson confirmed that Jaylon Johnson will have core muscle surgery and should be able to return this season.,757385709678268416,double_deck3,False,219,,3805,742811,"September 22, 2025 at 08:18 PM",Negative
NFL,codomain,1970187637219823822,https://x.com/double_deck3/status/1970187637219823822,"RT @RapSheet: #Colts Pro Bowl DB Kenny Moore II suffered a calf injury in Sunday's win, and he's expected to miss a couple of weeks, source…",757385709678268416,double_deck3,False,219,,1784,347919,"September 22, 2025 at 06:05 PM",Negative
NFL,codomain,1970187621793157437,https://x.com/double_deck3/status/1970187621793157437,"RT @MiamiDolphins: We are deeply saddened by the passing of Bobby Grier, father of general manager Chris Grier. Bobby was a longtime execut…",757385709678268416,double_deck3,False,219,,3764,907323,"September 22, 2025 at 06:05 PM",Negative
NFL,codomain,1969945806037008667,https://x.com/postpunkXwave/status/1969945806037008667,"Allow @TuckerCarlson to be your Light in the Dark, leading the way to Truth.

He got up in front of the World and shared The Truth.

Truth is the Highest Good. 

Truth is incorruptible, and eternal.

It may be hidden, but it IS.

Everything originates from Truth.",1932108771129458688,postpunkXwave,False,125,,0,16,"September 22, 2025 at 02:04 AM",Negative
NFL,codomain,1970321300154368132,https://x.com/Issa_CharlieB/status/1970321300154368132,"RT @SheilKapadia: Derrick Henry from 2023-2024: 3 fumbles on 694 offensive touches.

Derrick Henry in 2025: 3 fumbles on 43 offensive touch…",243315259,Issa_CharlieB,False,1256,At the end of the bar,130,20044,"September 23, 2025 at 02:56 AM",Negative
NFL,codomain,1969875208006950994,https://x.com/heyimkesler/status/1969875208006950994,RT @swd2: Imagine if this many people cared about school shootings,1219478796035940352,heyimkesler,False,229,,505284,10741516,"September 21, 2025 at 09:23 PM",Negative
NFL,codomain,1967384828757889077,https://x.com/0xGonna/status/1967384828757889077,"RT @ThePhillyPod: Chris Jones: “You don’t even have 100 yards.”

Jalen Hurts: “We won the f*ckin game shut your ass up.” 💀 https://t.co/LY5…",1577774136306253824,0xGonna,True,917,,67444,5072463,"September 15, 2025 at 12:27 AM",Negative
NFL,codomain,1967637027471626383,https://x.com/0xGonna/status/1967637027471626383,RT @BaldyNFL: .@Eagles @Chiefs @Andrewmukuba2 makes great open field tackles and the BIGGEST play of the season.  Mukuba Mukuba.  it's just…,1577774136306253824,0xGonna,True,917,,2347,120510,"September 15, 2025 at 05:09 PM",Negative
NFL,codomain,1970331028347666780,https://x.com/CTEYinzer/status/1970331028347666780,RT @NFL_Memes: Ravens play the Chiefs next week meaning either Baltimore or Kansas City is going to have started the season 1-3 https://t.c…,1459159442134470664,CTEYinzer,True,461,"Pittsburgh, PA",4406,120627,"September 23, 2025 at 03:34 AM",Negative
NFL,codomain,1970329229863813484,https://x.com/CTEYinzer/status/1970329229863813484,RT @BleacherReport: LAMAR LOSES HIS THIRD GAME EVER TO AN NFC TEAM 😳 https://t.co/8jemZvjcqM,1459159442134470664,CTEYinzer,True,461,"Pittsburgh, PA",5189,194877,"September 23, 2025 at 03:27 AM",Negative
NFL,codomain,1925335318418657557,https://x.com/CapsColts/status/1925335318418657557,What the fuck,381254857,CapsColts,False,202,,0,15,"May 21, 2025 at 11:38 PM",Negative
NFL,codomain,1945954544086585570,https://x.com/CapsColts/status/1945954544086585570,Damn,381254857,CapsColts,False,202,,0,7,"July 17, 2025 at 09:11 PM",Negative
NFL,codomain,1967921912149065993,https://x.com/JSp3rry/status/1967921912149065993,Interesting,409043816,JSp3rry,False,389,Mountain Man,0,87,"September 16, 2025 at 12:02 PM",Negative
NFL,codomain,1967813366531100961,https://x.com/JSp3rry/status/1967813366531100961,🤣🤣🤣🤣,409043816,JSp3rry,False,389,Mountain Man,0,24,"September 16, 2025 at 04:50 AM",Negative
NFL,codomain,1967365583974064554,https://x.com/JSp3rry/status/1967365583974064554,Nope,409043816,JSp3rry,False,389,Mountain Man,0,43,"September 14, 2025 at 11:11 PM",Negative
NFL,codomain,1966938867740930256,https://x.com/JSp3rry/status/1966938867740930256,😂😂😂😂,409043816,JSp3rry,False,389,Mountain Man,0,32,"September 13, 2025 at 06:55 PM",Negative
NFL,codomain,1970328295783964850,https://x.com/FamousForsythe/status/1970328295783964850,RT @goatevar: Ravens defensive coordinator Zach Orr https://t.co/vJ4Y0orwm6,2889990501,FamousForsythe,True,208,"Knoxville, TN",2566,61847,"September 23, 2025 at 03:24 AM",Negative
NFL,codomain,1970041640598594046,https://x.com/rabdyrobib/status/1970041640598594046,"RT @NFLHateMemes: Justin Herbert since piping Madison Beer

3-0
861 pass yards
6 TD’s
Game winning drive https://t.co/TGrgdA8Ckf",1281781470940430338,rabdyrobib,False,79,,24593,1409536,"September 22, 2025 at 08:25 AM",Negative
NFL,codomain,1970337437223465333,https://x.com/LamarsGood/status/1970337437223465333,"RT @brandonleuschel: Fire John Harbaugh
Fire Zach Orr

This shit is terrible man",780123481031610368,LamarsGood,False,442,,1673,39723,"September 23, 2025 at 04:00 AM",Negative
NFL,codomain,1920827139315609879,https://x.com/LamarsGood/status/1920827139315609879,👀,780123481031610368,LamarsGood,False,442,,0,71,"May 9, 2025 at 01:04 PM",Negative
NFL,codomain,1970259888157667349,https://x.com/Trenz_4vz/status/1970259888157667349,"RT @TiffanyFong_: Jimmy Kimmel averages 126,000 views per episode. 

Let’s see if my chili dog can get more views than Jimmy Kimmel. https:…",1940452881515401216,Trenz_4vz,False,161,,187798,3040544,"September 22, 2025 at 10:52 PM",Negative
NFL,codomain,1969419054986510369,https://x.com/Trenz_4vz/status/1969419054986510369,"RT @NeonWhiteCat: Don’t follow the lies in the news, if you have an H1B you’re protected.

Now is THE BEST time to visit home or take a vac…",1940452881515401216,Trenz_4vz,False,161,,25656,661753,"September 20, 2025 at 03:11 PM",Negative
NFL,codomain,1969419034413449678,https://x.com/Trenz_4vz/status/1969419034413449678,😅,1940452881515401216,Trenz_4vz,False,161,,0,14,"September 20, 2025 at 03:11 PM",Negative
NFL,codomain,1967223798681514461,https://x.com/Trenz_4vz/status/1967223798681514461,"RT @MilaLovesJoe: Legal Iranian immigrant wearing a Trump shirt is CONFRONTED by an old leftist at the gym.
 https://t.co/c2y9c9JWln",1940452881515401216,Trenz_4vz,False,161,,111553,1116270,"September 14, 2025 at 01:47 PM",Negative
NFL,codomain,1969405948302410207,https://x.com/musclebearttv/status/1969405948302410207,W,1059792700549939200,musclebearttv,False,1031,Christ ✝️,5,205,"September 20, 2025 at 02:19 PM",Negative
NFL,codomain,1970264975576043942,https://x.com/rudyjuly2/status/1970264975576043942,"RT @JennaLaineESPN: So…Aaron Glenn’s sideline celebration is 🔥🔥🔥 with Earth, Wind &amp; Fire attached to it. https://t.co/KRAwV843LI",19748546,rudyjuly2,False,761,"Kingsville, ON",36992,2150893,"September 22, 2025 at 11:12 PM",Negative
NFL,codomain,1968974425379778951,https://x.com/rudyjuly2/status/1968974425379778951,"RT @kurt13warner: I respect all the guys out here doing work, but tell me what happened here, instead of just yelling at QB? It was the rig…",19748546,rudyjuly2,False,761,"Kingsville, ON",12481,3390471,"September 19, 2025 at 09:44 AM",Negative
NFL,codomain,1970151068563656909,https://x.com/EaglesUniGuy/status/1970151068563656909,RT @tomstakes: Jalen Hurts with an absolute dot 🎯 https://t.co/UJZmEjhCXF,1788048383027953668,EaglesUniGuy,False,176,,1438,50981,"September 22, 2025 at 03:39 PM",Negative
NFL,codomain,1966751743577870546,https://x.com/Thick_Sparkle/status/1966751743577870546,RT @altoidsrevenge: this is exactly how ima react when bron retire i get it,1180515927852490759,Thick_Sparkle,False,472,"Lagos, Nigeria",86429,3628081,"September 13, 2025 at 06:32 AM",Negative
NFL,codomain,1966615871754797350,https://x.com/Thick_Sparkle/status/1966615871754797350,RT @MahomeSZN: The Chiefs are going to beat the Eagles on Sunday.,1180515927852490759,Thick_Sparkle,False,472,"Lagos, Nigeria",712,131893,"September 12, 2025 at 09:32 PM",Negative
NFL,codomain,1878386742857781248,https://x.com/tommyboy02/status/1878386742857781248,🤣🤣🤣,380649074,tommyboy02,False,162,,0,51,"January 12, 2025 at 10:21 AM",Negative
NFL,codomain,1970285622947680394,https://x.com/freakaleak1209/status/1970285622947680394,RT @NFL: The King went untouched for 6️⃣ https://t.co/YJWn2YZDDH,216212990,freakaleak1209,True,656,,1006,318379,"September 23, 2025 at 12:34 AM",Negative
NFL,codomain,1970336631921246539,https://x.com/freakaleak1209/status/1970336631921246539,"RT @jamisonhensley: The Ravens have scored 111 points this season, the most through 3 games by a team with a losing record in NFL history,…",216212990,freakaleak1209,True,656,,1370,53054,"September 23, 2025 at 03:57 AM",Negative
NFL,codomain,1970239764918939936,https://x.com/freakaleak1209/status/1970239764918939936,RT @NFL: 49ers DE Nick Bosa believed to have suffered torn ACL vs. Cardinals. (via @RapSheet) https://t.co/3kyQk3doEk,216212990,freakaleak1209,True,656,,8463,714272,"September 22, 2025 at 09:32 PM",Negative
NFL,codomain,1970239387821543467,https://x.com/freakaleak1209/status/1970239387821543467,"RT @NFL: Cardinals RB James Conner to undergo ankle surgery, out indefinitely. (via @RapSheet) https://t.co/f9HuvF5OMi",216212990,freakaleak1209,True,656,,7656,554027,"September 22, 2025 at 09:30 PM",Negative
NFL,codomain,1970239310021402961,https://x.com/freakaleak1209/status/1970239310021402961,RT @NFL: Chargers HC Jim Harbaugh confirms RB Najee Harris suffered a torn Achilles and will miss the rest of the season. https://t.co/HZbY…,216212990,freakaleak1209,True,656,,8107,479724,"September 22, 2025 at 09:30 PM",Negative
NFL,codomain,1970224762711613488,https://x.com/freakaleak1209/status/1970224762711613488,"RT @MySportsUpdate: The #Chargers aren’t just 3-0 — they’re 3-0 in the division with wins over the Chiefs, Raiders, and Broncos to start th…",216212990,freakaleak1209,True,656,,16221,816937,"September 22, 2025 at 08:32 PM",Negative
NFL,codomain,1970264818646176236,https://x.com/_Rosales2210/status/1970264818646176236,"RT @JennaLaineESPN: So…Aaron Glenn’s sideline celebration is 🔥🔥🔥 with Earth, Wind &amp; Fire attached to it. https://t.co/KRAwV843LI",3587196914,_Rosales2210,False,222,"Kenosha, WI",36996,2150893,"September 22, 2025 at 11:11 PM",Negative
NFL,codomain,1969857026478993627,https://x.com/_Rosales2210/status/1969857026478993627,XD,3587196914,_Rosales2210,False,222,"Kenosha, WI",0,227,"September 21, 2025 at 08:11 PM",Negative
NFL,codomain,1969856614263074861,https://x.com/_Rosales2210/status/1969856614263074861,LOL,3587196914,_Rosales2210,False,222,"Kenosha, WI",0,26,"September 21, 2025 at 08:09 PM",Negative
NFL,codomain,1969230639883862152,https://x.com/Ayee_zae/status/1969230639883862152,RT @AMPexclusive: THIS HOW YOU GOTTA IGNORE THE NEGATIVITY IN YOUR LIFE 😭 https://t.co/m9WV8ykV8k,790556862404059136,Ayee_zae,False,353,My world,37898,1063517,"September 20, 2025 at 02:42 AM",Negative
NFL,codomain,1968141614519599478,https://x.com/ChrisMacX/status/1968141614519599478,😍,2272609411,ChrisMacX,False,748,317,0,220,"September 17, 2025 at 02:35 AM",Negative
NFL,codomain,1967396356244623553,https://x.com/ChrisMacX/status/1967396356244623553,"RT @NFLonCBS: Lamar Jackson is currently the all-time leader in NFL history in Pass Rating (102.648)

He also has the most rush yards in hi…",2272609411,ChrisMacX,False,748,317,33045,3249221,"September 15, 2025 at 01:13 AM",Negative
NFL,codomain,1966615304848425337,https://x.com/ChrisMacX/status/1966615304848425337,RT @altoidsrevenge: this is exactly how ima react when bron retire i get it,2272609411,ChrisMacX,False,748,317,86429,3628083,"September 12, 2025 at 09:30 PM",Negative
NFL,codomain,1970338318165348588,https://x.com/CarissaV123/status/1970338318165348588,"RT @Lions: Dubskiiiii 

@MontgomerDavid 
@Jahmyr_Gibbs1 https://t.co/b6LluVfuIy",89983931,CarissaV123,False,232,,1678,25528,"September 23, 2025 at 04:03 AM",Negative
NFL,codomain,1970324764507152824,https://x.com/CarissaV123/status/1970324764507152824,RT @NFL_Memes: Me finding out my mom took Tylenol when she was pregnant https://t.co/7eex9sd2dq,89983931,CarissaV123,False,232,,17106,577350,"September 23, 2025 at 03:10 AM",Negative
NFL,codomain,1968812529901334668,https://x.com/247ibet_ca/status/1968812529901334668,"🎉 It’s almost here!
On Sept 26, Rebel Toronto becomes the battlefield: MMA 63 x 247iBET.

👊 While you’re there, lock in your loot:
💸 FREE $50 when you Sign Up + KYC
👕 Free 247iBET Tee

Crowds loud. Fighters fierce. Rewards waiting.
💥 Let’s make it a night to remember!

⚡ And don’t forget the extra heat:
💎 200% Deposit Bonus – up to $2000 CAD
🎰 + 10 Free Spins to chase a $1000 Jackpot

Your 3-step quest:
1️⃣ Deposit – Power up 200% instantly
2️⃣ Chat with Support – Claim your Free Spins",1783748230116950016,247ibet_ca,True,119,Canada,0,7,"September 18, 2025 at 11:01 PM",Negative
NFL,codomain,1958307309891052023,https://x.com/247ibet_ca/status/1958307309891052023,"🔥 247iBET Vol.2 is LIVE – and we’ve got gifts for you!

Welcome to your new go-to platform for speed, style, and serious gaming thrills.

🎁 Grab your $50 Bonus, available to all players, whether you’re new or already in the family.

🎰 200% BONUS up to $2000 CAD + 10 FREE SPINS
📸 Daily winners are cashing out – don’t miss out!

🚀 It’s this easy:
1️⃣ Deposit
2️⃣ Talk to Support – Get your spins!

🎡 Lucky Wheel Time!
💸 $100 💵 $500 💰 $1000 – You never know!",1783748230116950016,247ibet_ca,True,119,Canada,0,47,"August 20, 2025 at 11:17 PM",Negative
NFL,codomain,1969559244467769844,https://x.com/dndmula/status/1969559244467769844,RT @MadsPosting: https://t.co/bqwtegvUy0,47759981,dndmula,False,902,919,444690,9550980,"September 21, 2025 at 12:28 AM",Negative
NFL,codomain,1968202329590825291,https://x.com/dndmula/status/1968202329590825291,"RT @bennyjohnson: Yes this just happened. 

FBI Director Kash Patel just called out Adam Schiff as the “BIGGEST fraud to ever sit in Senate…",47759981,dndmula,False,902,919,138304,3576241,"September 17, 2025 at 06:36 AM",Negative
NFL,codomain,1970324876264382659,https://x.com/FlowsAndolini/status/1970324876264382659,RT @TheWienerCircle: Big day tomorrow @ChicagoBears https://t.co/XNhJG2v4UM,29925696,FlowsAndolini,False,5286,"Southside, Chicago,IL",1555,107516,"September 23, 2025 at 03:10 AM",Negative
NFL,codomain,1968064013725766083,https://x.com/Halferpavee/status/1968064013725766083,"RT @the_P_God: DEMOCRATS- “It’s the rights fault”

REPUBLICANS- “It’s the lefts fault”

Me- “big 3rd down here! Need a stop!”",1838474360878960640,Halferpavee,False,23,,45754,1547588,"September 16, 2025 at 09:26 PM",Negative
NFL,codomain,1970220751258095747,https://x.com/icecyclone/status/1970220751258095747,"The Ballon d’Or, launched in 1956 by *France Football*, honours the world’s best footballer. Originally for Europeans, it went global in 2007. Voted by journalists, coaches, and captains, Lionel Messi leads with 8 wins, Cristiano Ronaldo has 5. Women’s Award began in 2018. #BallonDor",545071685,icecyclone,True,4958,world wide,0,320,"September 22, 2025 at 08:16 PM",Negative
NFL,codomain,1960347140087050262,https://x.com/alysontheother/status/1960347140087050262,Nope,273060878,alysontheother,False,15797,Toronto/ Minnesota ,30,3193,"August 26, 2025 at 02:22 PM",Negative
NFL,codomain,1970333268026478767,https://x.com/woleekene1/status/1970333268026478767,RT @OhhMar24: Lamar Jackson teammates sell him every close game. He got the worse luck,3372409293,woleekene1,False,688,"Barcelona, Spain",252,8756,"September 23, 2025 at 03:43 AM",Negative
NFL,codomain,1970331976063148347,https://x.com/woleekene1/status/1970331976063148347,RT @MusikFan4Life: It happened again https://t.co/Kwg81Han3R,3372409293,woleekene1,False,688,"Barcelona, Spain",2549,75034,"September 23, 2025 at 03:38 AM",Negative
NFL,codomain,1970327495582081147,https://x.com/woleekene1/status/1970327495582081147,RT @getnickwright: I understand the Ravens long term championship pedigree and history of playing their best in the postseason give folks c…,3372409293,woleekene1,False,688,"Barcelona, Spain",1613,81047,"September 23, 2025 at 03:20 AM",Negative
NFL,codomain,1970326446909390965,https://x.com/rianneamirah/status/1970326446909390965,"RT @brandonleuschel: Fire John Harbaugh
Fire Zach Orr

This shit is terrible man",2164493200,rianneamirah,False,1274,🌈,1673,39779,"September 23, 2025 at 03:16 AM",Negative
NFL,codomain,1970308105176043933,https://x.com/rianneamirah/status/1970308105176043933,RT @_benjvmins_: bro i’m literally so tired of hearing about that damn cracker!!!!!,2164493200,rianneamirah,False,1274,🌈,88239,1557889,"September 23, 2025 at 02:03 AM",Negative
NFL,codomain,1969228954545361194,https://x.com/rianneamirah/status/1969228954545361194,🤣🤣🤣,2164493200,rianneamirah,False,1274,🌈,0,311,"September 20, 2025 at 02:35 AM",Negative
