Subject,Dataset,Tweet ID,URL,Content,Author ID,Author Username,Author Blue Verified (T/F),Followers,Author Location,Likes,Views,Date
Keir Starmer (UK PM),domain,1979330810101805131,https://x.com/dbg1965/status/1979330810101805131,@Keir_Starmer,93472979,,False,0,Spain,0,3,"October 17, 2025 at 11:36 PM"
Keir Starmer (UK PM),domain,1979329601957724321,https://x.com/Choch66/status/1979329601957724321,@Keir_Starmer,1527204879105769474,,False,0,Never you mind,0,0,"October 17, 2025 at 11:32 PM"
Keir Starmer (UK PM),domain,1979327429585096762,https://x.com/mark_knight23/status/1979327429585096762,@Keir_Starmer,2911867809,,False,0,London UK,0,3,"October 17, 2025 at 11:23 PM"
Keir Starmer (UK PM),domain,1979325588692419008,https://x.com/phsm444/status/1979325588692419008,@Keir_Starmer 🤡,1466099572422361094,,False,0,,0,1,"October 17, 2025 at 11:16 PM"
Keir Starmer (UK PM),domain,1979322422269743535,https://x.com/FjRoebersen/status/1979322422269743535,@EmmanuelMacron @Bundeskanzler @_FriedrichMerz @AussenMinDE @Keir_Starmer @DefenceHQ @prezidentpavel @JanLipavsky @Nawrockikn @donaldtusk @PolandMFA @sikorskiradek  @GiorgiaMeloni @SwedishPM @MariaStenergard @PUonson @alexstubb @PetteriOrpo @elinavaltonen @Statsmin @MinPres,2288673117,,False,0,"Monnickendam, Nederland",2,2,"October 17, 2025 at 11:03 PM"
Keir Starmer (UK PM),domain,1979321955682783436,https://x.com/cosmos98788/status/1979321955682783436,@Keir_Starmer,1614030823316983808,,False,0,United States,1,1,"October 17, 2025 at 11:01 PM"
Keir Starmer (UK PM),domain,1979321216348622860,https://x.com/Choch66/status/1979321216348622860,@Keir_Starmer,1527204879105769474,,False,0,Never you mind,2,3,"October 17, 2025 at 10:58 PM"
Keir Starmer (UK PM),domain,1979320613115494879,https://x.com/Choch66/status/1979320613115494879,@Keir_Starmer,1527204879105769474,,False,0,Never you mind,1,5,"October 17, 2025 at 10:56 PM"
Keir Starmer (UK PM),domain,1979315568026010047,https://x.com/Jack67cfc/status/1979315568026010047,@Keir_Starmer @ZelenskyyUa @SecGenNATO Resign.,1632058134553403400,,False,0,,3,38,"October 17, 2025 at 10:36 PM"
Keir Starmer (UK PM),domain,1979313300035833865,https://x.com/FfraidCara/status/1979313300035833865,@Keir_Starmer @Nigel_Farage,843635261661765632,,False,0,,0,4,"October 17, 2025 at 10:27 PM"
Keir Starmer (UK PM),domain,1979312438832173181,https://x.com/pizzalamahout/status/1979312438832173181,@Keir_Starmer,1628420541978648580,,False,0,,1,1,"October 17, 2025 at 10:23 PM"
Keir Starmer (UK PM),domain,1979310839816724929,https://x.com/BasedMillwall99/status/1979310839816724929,@MatthewStadlen @YouGov @DPJHodges @RobertJenrick @Keir_Starmer Yes,1970143614677430272,,False,0,Stalag Starmer ,2,313,"October 17, 2025 at 10:17 PM"
Keir Starmer (UK PM),domain,1979309103630733537,https://x.com/Berolblade/status/1979309103630733537,@Keir_Starmer,747536738080460800,,False,0,,0,1,"October 17, 2025 at 10:10 PM"
Keir Starmer (UK PM),domain,1979306759799083312,https://x.com/ehmatteh/status/1979306759799083312,@Keir_Starmer,578202043,,False,0,"London, England",1,16,"October 17, 2025 at 10:01 PM"
Keir Starmer (UK PM),domain,1979306184797487104,https://x.com/reform_yes/status/1979306184797487104,@Keir_Starmer,234461122,,False,0,uk,0,2,"October 17, 2025 at 09:59 PM"
Keir Starmer (UK PM),domain,1979304216423178681,https://x.com/Choch66/status/1979304216423178681,@Keir_Starmer,1527204879105769474,,False,0,Never you mind,1,1,"October 17, 2025 at 09:51 PM"
Keir Starmer (UK PM),domain,1979303670123528650,https://x.com/_Flirtram_/status/1979303670123528650,@Keir_Starmer,1331987049998643201,,False,0,,1,21,"October 17, 2025 at 09:49 PM"
Keir Starmer (UK PM),domain,1979303072435208324,https://x.com/corbymac/status/1979303072435208324,@Keir_Starmer,226947790,,False,0,"Swadlincote, South Derbyshire",0,5,"October 17, 2025 at 09:46 PM"
Keir Starmer (UK PM),domain,1979302839223750892,https://x.com/Choch66/status/1979302839223750892,@Keir_Starmer,1527204879105769474,,False,0,Never you mind,0,2,"October 17, 2025 at 09:45 PM"
Keir Starmer (UK PM),domain,1979302756495294781,https://x.com/Choch66/status/1979302756495294781,@Keir_Starmer,1527204879105769474,,False,0,Never you mind,0,0,"October 17, 2025 at 09:45 PM"
Keir Starmer (UK PM),domain,1979302043929006184,https://x.com/LesterSismore/status/1979302043929006184,@Keir_Starmer,1468651093370589191,,False,0,,1,23,"October 17, 2025 at 09:42 PM"
Keir Starmer (UK PM),domain,1979299962602115389,https://x.com/beverleyanneste/status/1979299962602115389,@Keir_Starmer,2411977182,,False,0,,0,4,"October 17, 2025 at 09:34 PM"
Keir Starmer (UK PM),domain,1979299826173886735,https://x.com/scalawaggles/status/1979299826173886735,@Keir_Starmer Wanker,291801674,,False,0,,1,3,"October 17, 2025 at 09:33 PM"
Keir Starmer (UK PM),domain,1979299663468437632,https://x.com/Rosedevine0509/status/1979299663468437632,"#@Keir_Starmer 
#@BBCNews",950272742493970432,,False,0,Belfast,0,9,"October 17, 2025 at 09:33 PM"
Keir Starmer (UK PM),domain,1979299456383115398,https://x.com/gloriafan/status/1979299456383115398,@Keir_Starmer Idiot,19585802,,False,0,Southern England,2,10,"October 17, 2025 at 09:32 PM"
Keir Starmer (UK PM),domain,1979299381686997200,https://x.com/Tonyjc1990/status/1979299381686997200,@Keir_Starmer,814883661782876161,,False,0,"England, United Kingdom",0,4,"October 17, 2025 at 09:32 PM"
Keir Starmer (UK PM),domain,1979299211893150114,https://x.com/Choch66/status/1979299211893150114,@Keir_Starmer,1527204879105769474,,False,0,Never you mind,0,13,"October 17, 2025 at 09:31 PM"
Keir Starmer (UK PM),domain,1979299076911903230,https://x.com/RuthSimmons59/status/1979299076911903230,@Keir_Starmer,1770547207487524864,,False,0,"East Midlands, England",0,7,"October 17, 2025 at 09:30 PM"
Keir Starmer (UK PM),domain,1979298921982890437,https://x.com/Rosedevine0509/status/1979298921982890437,#@Keir_Starmer,950272742493970432,,False,0,Belfast,0,6,"October 17, 2025 at 09:30 PM"
Keir Starmer (UK PM),domain,1979298842626437145,https://x.com/Choch66/status/1979298842626437145,@Keir_Starmer,1527204879105769474,,False,0,Never you mind,0,3,"October 17, 2025 at 09:29 PM"
Keir Starmer (UK PM),domain,1979297682587029869,https://x.com/kennethcameron4/status/1979297682587029869,@Keir_Starmer 🤡,763831717,,False,0,"Valleyfield, Scotland",1,9,"October 17, 2025 at 09:25 PM"
Keir Starmer (UK PM),domain,1979296376895746469,https://x.com/LatAmDC/status/1979296376895746469,@Keir_Starmer,527427516,,False,0,California,0,6,"October 17, 2025 at 09:20 PM"
Keir Starmer (UK PM),domain,1979295752837841110,https://x.com/bro69018/status/1979295752837841110,@Keir_Starmer @ShabanaMahmood,1774167648177152000,,False,0,Yorkshire,0,6,"October 17, 2025 at 09:17 PM"
Keir Starmer (UK PM),domain,1979292776811442493,https://x.com/RedAmberAlert/status/1979292776811442493,@Keir_Starmer 🤡,2470256301,,False,0,"Wales, United Kingdom",0,4,"October 17, 2025 at 09:05 PM"
Keir Starmer (UK PM),domain,1979292487391875456,https://x.com/AbideenTetlay/status/1979292487391875456,FYI @Keir_Starmer,987654176154046464,,False,0,,1,7,"October 17, 2025 at 09:04 PM"
Keir Starmer (UK PM),domain,1979292166473289981,https://x.com/AbideenTetlay/status/1979292166473289981,FYI @Keir_Starmer,987654176154046464,,False,0,,1,10,"October 17, 2025 at 09:03 PM"
Keir Starmer (UK PM),domain,1979291877305389427,https://x.com/AbideenTetlay/status/1979291877305389427,FYI @Keir_Starmer,987654176154046464,,False,0,,1,5,"October 17, 2025 at 09:02 PM"
Keir Starmer (UK PM),domain,1979291488220778652,https://x.com/AroupChatterjee/status/1979291488220778652,@Keir_Starmer,590300341,,False,0,"London, England",0,9,"October 17, 2025 at 09:00 PM"
Keir Starmer (UK PM),domain,1979291452778700999,https://x.com/ScouseIndieMum/status/1979291452778700999,@Keir_Starmer,302481856,,False,0,"Liverpool, England",0,5,"October 17, 2025 at 09:00 PM"
Keir Starmer (UK PM),domain,1979290161579250161,https://x.com/Sharpy47/status/1979290161579250161,@Keir_Starmer 👇,285203858,,False,0,,0,3,"October 17, 2025 at 08:55 PM"
Keir Starmer (UK PM),domain,1979288832345317494,https://x.com/JusteanWinter/status/1979288832345317494,@Keir_Starmer,1936561577177870336,,False,0,"Wales, United Kingdom",0,6,"October 17, 2025 at 08:50 PM"
Keir Starmer (UK PM),domain,1979288688136745189,https://x.com/JusteanWinter/status/1979288688136745189,@Keir_Starmer,1936561577177870336,,False,0,"Wales, United Kingdom",0,6,"October 17, 2025 at 08:49 PM"
Keir Starmer (UK PM),domain,1979287972093608075,https://x.com/TalkinTMyself/status/1979287972093608075,@Keir_Starmer,1561798204106186752,,False,0,About.,0,1,"October 17, 2025 at 08:46 PM"
Keir Starmer (UK PM),domain,1979287381158302082,https://x.com/brianwatvr/status/1979287381158302082,@Keir_Starmer,1816486721313218560,,False,0,,0,4,"October 17, 2025 at 08:44 PM"
Keir Starmer (UK PM),domain,1979286273794756909,https://x.com/debbieraerae/status/1979286273794756909,@Keir_Starmer,1468234429864845312,,False,0,"Florida, USA",0,7,"October 17, 2025 at 08:39 PM"
Keir Starmer (UK PM),domain,1979286127652843583,https://x.com/FjRoebersen/status/1979286127652843583,@EmmanuelMacron @Bundeskanzler @_FriedrichMerz @AussenMinDE @Keir_Starmer @DefenceHQ @prezidentpavel @JanLipavsky @Nawrockikn @donaldtusk @PolandMFA @sikorskiradek  @GiorgiaMeloni @SwedishPM @MariaStenergard @PUonson @alexstubb @PetteriOrpo @elinavaltonen @Statsmin @MinPres,2288673117,,False,0,"Monnickendam, Nederland",1,6,"October 17, 2025 at 08:39 PM"
Keir Starmer (UK PM),domain,1979284250236207253,https://x.com/mike180fish/status/1979284250236207253,@Keir_Starmer Clown,779021833,,False,0,Grimsby,1,6,"October 17, 2025 at 08:31 PM"
Keir Starmer (UK PM),domain,1979280830573764883,https://x.com/Shortgamehack/status/1979280830573764883,@Keir_Starmer,45878013,,False,0,"Snellville, GA",0,0,"October 17, 2025 at 08:18 PM"
Keir Starmer (UK PM),domain,1979277749668700636,https://x.com/ian_hendrie52/status/1979277749668700636,@Keir_Starmer,1018397011127791616,,False,0,Linlithgow,1,26,"October 17, 2025 at 08:06 PM"
Keir Starmer (UK PM),domain,1979277428418592922,https://x.com/nufcToon2284/status/1979277428418592922,@Keir_Starmer,1850650311699947520,,False,0,Blyth,0,4,"October 17, 2025 at 08:04 PM"
Keir Starmer (UK PM),domain,1979276501905203691,https://x.com/ian_hendrie52/status/1979276501905203691,@Keir_Starmer,1018397011127791616,,False,0,Linlithgow,1,10,"October 17, 2025 at 08:01 PM"
Keir Starmer (UK PM),domain,1979274253683036346,https://x.com/luisjaq/status/1979274253683036346,@Keir_Starmer,1732161368785088512,,False,0,"Santiago, Chile",0,2,"October 17, 2025 at 07:52 PM"
Keir Starmer (UK PM),domain,1979274191280181349,https://x.com/no1carol/status/1979274191280181349,@Keir_Starmer,70205105,,False,0,United Kingdom,0,1,"October 17, 2025 at 07:51 PM"
Keir Starmer (UK PM),domain,1979272151447539785,https://x.com/brad_melton/status/1979272151447539785,@Keir_Starmer Resign.,38935771,,False,0,USA,2,14,"October 17, 2025 at 07:43 PM"
Keir Starmer (UK PM),domain,1979270699454738884,https://x.com/Lapanterarosca/status/1979270699454738884,@Keir_Starmer,712280211811733504,,False,0,Ciberspace,0,3,"October 17, 2025 at 07:38 PM"
Keir Starmer (UK PM),domain,1979270532471070864,https://x.com/no1carol/status/1979270532471070864,@Keir_Starmer,70205105,,False,0,United Kingdom,0,1,"October 17, 2025 at 07:37 PM"
Keir Starmer (UK PM),domain,1979270459351765033,https://x.com/no1carol/status/1979270459351765033,@Keir_Starmer,70205105,,False,0,United Kingdom,0,2,"October 17, 2025 at 07:37 PM"
Keir Starmer (UK PM),domain,1979268881098403995,https://x.com/ChristinaORei15/status/1979268881098403995,@Keir_Starmer,1532087800673312768,,False,0,,0,2,"October 17, 2025 at 07:30 PM"
Keir Starmer (UK PM),domain,1979265718827757803,https://x.com/JoJoV111/status/1979265718827757803,@Keir_Starmer,1245977262899560451,,False,0,,0,7,"October 17, 2025 at 07:18 PM"
Keir Starmer (UK PM),domain,1979262642721005792,https://x.com/takingwhole/status/1979262642721005792,@Keir_Starmer Mosques?,28748400,,False,0,UK,1,5,"October 17, 2025 at 07:06 PM"
Keir Starmer (UK PM),domain,1979262398340239789,https://x.com/screwgal/status/1979262398340239789,@Keir_Starmer Wanker,1112741707,,False,0,Norway,1,6,"October 17, 2025 at 07:05 PM"
Keir Starmer (UK PM),domain,1979260368636494139,https://x.com/Hekate_Reborn/status/1979260368636494139,@Keir_Starmer,1934265350851346432,,False,0,FuckElmo FuckTrump,0,2,"October 17, 2025 at 06:56 PM"
Keir Starmer (UK PM),domain,1979260030575587538,https://x.com/neilvaughan1st/status/1979260030575587538,"@UKLabour

@Keir_Starmer

@RachelReevesMP

@stephenctimms

@lisanandy

@patmcfaddenmp

@TorstenBell

@SKinnock

Why do you hate disabled people??",788926818,,False,0,sheffield,0,3,"October 17, 2025 at 06:55 PM"
Keir Starmer (UK PM),domain,1979258006710747252,https://x.com/TiggerVizsla/status/1979258006710747252,@Keir_Starmer,1442545039767314433,,False,0,"Bexhill, England",0,6,"October 17, 2025 at 06:47 PM"
Keir Starmer (UK PM),domain,1979257591898219005,https://x.com/wendy_firmin/status/1979257591898219005,@Keir_Starmer,872957873713819648,,False,0,"Chepstow, Wales",0,2,"October 17, 2025 at 06:45 PM"
Keir Starmer (UK PM),domain,1979255768760144257,https://x.com/AbideenTetlay/status/1979255768760144257,FYI @Keir_Starmer,987654176154046464,,False,0,,0,12,"October 17, 2025 at 06:38 PM"
Keir Starmer (UK PM),domain,1979255689282212066,https://x.com/Lapanterarosca/status/1979255689282212066,@Keir_Starmer,712280211811733504,,False,0,Ciberspace,0,1,"October 17, 2025 at 06:38 PM"
Keir Starmer (UK PM),domain,1979255449565135356,https://x.com/AbideenTetlay/status/1979255449565135356,FYI @Keir_Starmer,987654176154046464,,False,0,,1,9,"October 17, 2025 at 06:37 PM"
Keir Starmer (UK PM),domain,1979255387262947346,https://x.com/bro69018/status/1979255387262947346,@Keir_Starmer @ShabanaMahmood,1774167648177152000,,False,0,Yorkshire,0,4,"October 17, 2025 at 06:37 PM"
Keir Starmer (UK PM),domain,1979255342375502280,https://x.com/LoesZaitsev/status/1979255342375502280,@Keir_Starmer More mosques,68423830,,False,0,"Houston, TX",3,6,"October 17, 2025 at 06:37 PM"
Keir Starmer (UK PM),domain,1979254196047143082,https://x.com/NeilH1978/status/1979254196047143082,@Keir_Starmer,1817216356292706304,,False,0,,0,6,"October 17, 2025 at 06:32 PM"
Keir Starmer (UK PM),domain,1979253951137489089,https://x.com/fatbagell/status/1979253951137489089,@Keir_Starmer Liar,1766907887861866496,,False,0,,0,0,"October 17, 2025 at 06:31 PM"
Keir Starmer (UK PM),domain,1979253588816740592,https://x.com/SaudeAnimalCE/status/1979253588816740592,@Keir_Starmer 🤡,587087505,,False,0,Amsterdão,1,5,"October 17, 2025 at 06:30 PM"
Keir Starmer (UK PM),domain,1979252534595277232,https://x.com/NeilH1978/status/1979252534595277232,@Keir_Starmer,1817216356292706304,,False,0,,0,2,"October 17, 2025 at 06:25 PM"
Keir Starmer (UK PM),domain,1979251817998618740,https://x.com/IrenaShtil41200/status/1979251817998618740,@uricohenisrael @Keir_Starmer,1638147033235087360,,False,0,,0,6,"October 17, 2025 at 06:23 PM"
Keir Starmer (UK PM),domain,1979250825881899467,https://x.com/jodhpurwale/status/1979250825881899467,"@VividProwess Keir Starmer has not recognized Palestine as a country but has recognized terrorist organizations like Hamas as a country.

This is not the decision of Britain and British Christians, it is the decision of Keir Starmer, a close friend of Sadiq Khan.",1133721457563918336,,False,0,BHARAT,0,38,"October 17, 2025 at 06:19 PM"
Keir Starmer (UK PM),domain,1979250080340189474,https://x.com/GameSetVolley/status/1979250080340189474,@Keir_Starmer Building what?,1421400469881114624,,False,0,,2,13,"October 17, 2025 at 06:16 PM"
Keir Starmer (UK PM),domain,1979246627295523031,https://x.com/soulheavenhop/status/1979246627295523031,@EssexPR @Keir_Starmer No way,1840828894716289024,,False,0,"England, United Kingdom",2,40,"October 17, 2025 at 06:02 PM"
Keir Starmer (UK PM),domain,1979244838127022099,https://x.com/BASemmelweis/status/1979244838127022099,@Keir_Starmer A wall?,1519385616139575296,,False,0,,1,6,"October 17, 2025 at 05:55 PM"
Keir Starmer (UK PM),domain,1979244635311448416,https://x.com/JonMartin9401/status/1979244635311448416,@Keir_Starmer this you?,782514856264105984,,False,0,"Rugby, England",0,2,"October 17, 2025 at 05:54 PM"
Keir Starmer (UK PM),domain,1979242916452122827,https://x.com/rosebay166/status/1979242916452122827,@Keir_Starmer https://t.co/soqGAVdx8Q,3001037121,,False,0,,0,3,"October 17, 2025 at 05:47 PM"
Keir Starmer (UK PM),domain,1979242810869190806,https://x.com/dshep75/status/1979242810869190806,@Keir_Starmer Remigration,432619911,,False,0,,2,16,"October 17, 2025 at 05:47 PM"
Keir Starmer (UK PM),domain,1979242778136641849,https://x.com/ljonesljones14/status/1979242778136641849,@Keir_Starmer,763676589729153024,,False,0,north west,0,2,"October 17, 2025 at 05:47 PM"
Keir Starmer (UK PM),domain,1979242060067582460,https://x.com/fionamcke/status/1979242060067582460,.@Keir_Starmer,804348254,,False,0,Oxford,1,9,"October 17, 2025 at 05:44 PM"
Keir Starmer (UK PM),domain,1979241922506977594,https://x.com/TheBoostology/status/1979241922506977594,@Keir_Starmer Resign traitor,214285231,,False,0,"England, United Kingdom",2,8,"October 17, 2025 at 05:43 PM"
Keir Starmer (UK PM),domain,1979241592700412029,https://x.com/MarkSpence52526/status/1979241592700412029,@Keir_Starmer Liar,1833498472995020800,,False,0,,0,3,"October 17, 2025 at 05:42 PM"
Keir Starmer (UK PM),domain,1979240581969621326,https://x.com/rae_alister/status/1979240581969621326,@IainDale @Keir_Starmer,1311602059897122816,,False,0,,0,2,"October 17, 2025 at 05:38 PM"
Keir Starmer (UK PM),domain,1979240418807046198,https://x.com/ljonesljones14/status/1979240418807046198,@Keir_Starmer,763676589729153024,,False,0,north west,0,2,"October 17, 2025 at 05:37 PM"
Keir Starmer (UK PM),domain,1979240251160723598,https://x.com/GONNADOOBIT4U/status/1979240251160723598,@Keir_Starmer 🤡🤡🤡,1508771627378659336,,False,0,"Aberdeen, Scotland",1,26,"October 17, 2025 at 05:37 PM"
Keir Starmer (UK PM),domain,1979239284834963588,https://x.com/dava51/status/1979239284834963588,@Keir_Starmer,23506439,,False,0,liverpool uk,0,4,"October 17, 2025 at 05:33 PM"
Keir Starmer (UK PM),domain,1979238569504829927,https://x.com/msport21/status/1979238569504829927,@Keir_Starmer,877730521,,False,0,,0,9,"October 17, 2025 at 05:30 PM"
Keir Starmer (UK PM),domain,1979238407222989011,https://x.com/70d6e820ae454ec/status/1979238407222989011,@Keir_Starmer,3345317728,,False,0,,0,0,"October 17, 2025 at 05:29 PM"
Keir Starmer (UK PM),domain,1979237170419302522,https://x.com/patriotico67/status/1979237170419302522,@Keir_Starmer,1601189119203459073,,False,0,,0,2,"October 17, 2025 at 05:24 PM"
Keir Starmer (UK PM),domain,1979235194486895052,https://x.com/OsBuf69437/status/1979235194486895052,@Keir_Starmer,1903459980709183488,,False,0,Malta,0,1,"October 17, 2025 at 05:16 PM"
Keir Starmer (UK PM),domain,1979233881493770701,https://x.com/BrainWaves101/status/1979233881493770701,@Keir_Starmer Mosques?,1820856241968873472,,False,0,,1,10,"October 17, 2025 at 05:11 PM"
Keir Starmer (UK PM),domain,1979231091132150073,https://x.com/Choch66/status/1979231091132150073,@Keir_Starmer,1527204879105769474,,False,0,Never you mind,0,3,"October 17, 2025 at 05:00 PM"
Keir Starmer (UK PM),domain,1979230514385916076,https://x.com/Buraq515/status/1979230514385916076,@TRobinsonNewEra @Keir_Starmer 👍,1084897116441460737,,False,0,United States,0,20,"October 17, 2025 at 04:58 PM"
Keir Starmer (UK PM),domain,1979229247698014306,https://x.com/bluebell2009/status/1979229247698014306,@Keir_Starmer,20361510,,False,0,,0,23,"October 17, 2025 at 04:53 PM"
Keir Starmer (UK PM),domain,1979228662365827219,https://x.com/Sauteedgarlic1/status/1979228662365827219,@Keir_Starmer,1418786066698485760,,False,0,Ireland,0,1,"October 17, 2025 at 04:51 PM"
Keir Starmer (UK PM),domain,1979227869969580090,https://x.com/Choch66/status/1979227869969580090,@Keir_Starmer,1527204879105769474,,False,0,Never you mind,0,0,"October 17, 2025 at 04:47 PM"
Keir Starmer (UK PM),domain,1979227765485318229,https://x.com/Choch66/status/1979227765485318229,@Keir_Starmer,1527204879105769474,,False,0,Never you mind,0,0,"October 17, 2025 at 04:47 PM"
Keir Starmer (UK PM),domain,1979227442121187501,https://x.com/brianwatvr/status/1979227442121187501,@Keir_Starmer,1816486721313218560,,False,0,,0,111,"October 17, 2025 at 04:46 PM"
Keir Starmer (UK PM),domain,1979227173308215454,https://x.com/MarkMar2z/status/1979227173308215454,@Keir_Starmer 🤡,2966612795,,False,0,United States,1,2,"October 17, 2025 at 04:45 PM"
Keir Starmer (UK PM),domain,1979226470112227783,https://x.com/rebelgirl1601/status/1979226470112227783,@Keir_Starmer,4718934132,,False,0,"San Antonio, TX",0,1,"October 17, 2025 at 04:42 PM"
Keir Starmer (UK PM),domain,1979226093728026687,https://x.com/Whatsynumber/status/1979226093728026687,@Keir_Starmer Building what?,2482643169,,False,0,"Leeds, Yorkshire",0,12,"October 17, 2025 at 04:40 PM"
Keir Starmer (UK PM),domain,1979223662705234405,https://x.com/sweenytodd08/status/1979223662705234405,@Keir_Starmer Clown,93965445,,False,0,"South East, England",0,9,"October 17, 2025 at 04:31 PM"
Keir Starmer (UK PM),domain,1979223325126676778,https://x.com/jfrith2799/status/1979223325126676778,@Keir_Starmer,1606063566,,False,0,USA,0,5,"October 17, 2025 at 04:29 PM"
Keir Starmer (UK PM),domain,1979222514040557744,https://x.com/John963688161/status/1979222514040557744,@Keir_Starmer,1316913969983115266,,False,0,,0,4,"October 17, 2025 at 04:26 PM"
Keir Starmer (UK PM),domain,1979222406221778971,https://x.com/debbiewhitehou3/status/1979222406221778971,@Keir_Starmer this you?,1676735468,,False,0,birmingham,0,3,"October 17, 2025 at 04:26 PM"
Keir Starmer (UK PM),domain,1979222027585179966,https://x.com/Bootsy27012/status/1979222027585179966,@Keir_Starmer Cunt,1312403018361507840,,False,0,,0,4,"October 17, 2025 at 04:24 PM"
Keir Starmer (UK PM),domain,1979221782700921098,https://x.com/elndito/status/1979221782700921098,@Keir_Starmer,1495493787891560451,,False,0,,1,9,"October 17, 2025 at 04:23 PM"
Keir Starmer (UK PM),domain,1979220902265999397,https://x.com/EaWatson364/status/1979220902265999397,@Keir_Starmer Let’s get you out,2954423099,,False,0,,0,3,"October 17, 2025 at 04:20 PM"
Keir Starmer (UK PM),domain,1979220070946517226,https://x.com/Lapanterarosca/status/1979220070946517226,@Keir_Starmer Then do something about it.,712280211811733504,,False,0,Ciberspace,0,20,"October 17, 2025 at 04:16 PM"
Keir Starmer (UK PM),domain,1979219325572559176,https://x.com/RickEnglishUK/status/1979219325572559176,@Keir_Starmer 😂,1.87639E+18,,False,0,Somewhere in 🏴󠁧󠁢󠁥󠁮󠁧󠁿,0,2,"October 17, 2025 at 04:13 PM"
Keir Starmer (UK PM),domain,1979219276587282461,https://x.com/mLizWard/status/1979219276587282461,@Keir_Starmer @UKLabour,84434666,,False,0,"Scotland, United Kingdom",0,12,"October 17, 2025 at 04:13 PM"
Keir Starmer (UK PM),domain,1979217942534406531,https://x.com/mLizWard/status/1979217942534406531,@Keir_Starmer @UKLabour,84434666,,False,0,"Scotland, United Kingdom",0,2,"October 17, 2025 at 04:08 PM"
Keir Starmer (UK PM),domain,1979217528326164982,https://x.com/AdamSimm8/status/1979217528326164982,@Keir_Starmer Liar,1477482484065521670,,False,0,"Liverpool, England",0,122,"October 17, 2025 at 04:06 PM"
Keir Starmer (UK PM),domain,1979217398764048557,https://x.com/mixiax/status/1979217398764048557,@Keir_Starmer,278912149,,False,0,"California, USA",0,5,"October 17, 2025 at 04:06 PM"
Keir Starmer (UK PM),domain,1979216375248756880,https://x.com/Vecchiastregga/status/1979216375248756880,@Keir_Starmer,1488976560023609347,,False,0,"Scotland, United Kingdom",0,1,"October 17, 2025 at 04:02 PM"
Keir Starmer (UK PM),domain,1979215658815533505,https://x.com/MMmmwa/status/1979215658815533505,@Keir_Starmer @YvetteCooperMP @EmilyThornberry @JohnHealey_MP @SadiqKhan @ukhomeoffice @metpoliceuk @FCDOGovUK @ShabanaMahmood ⬇️⬇️,45400210,,False,0,"London, England",0,15,"October 17, 2025 at 03:59 PM"
Keir Starmer (UK PM),domain,1979214645731664147,https://x.com/bjogre/status/1979214645731664147,@Keir_Starmer 😂😂😂,121774820,,False,0,"Malmö, Sverige",0,7,"October 17, 2025 at 03:55 PM"
Keir Starmer (UK PM),domain,1979214165509132561,https://x.com/P2VCrew/status/1979214165509132561,@Keir_Starmer Liar,1622213296488157187,,False,0,,0,3,"October 17, 2025 at 03:53 PM"
Keir Starmer (UK PM),domain,1979213786897657861,https://x.com/Smokeyfruitbat/status/1979213786897657861,@Keir_Starmer Cunt,1866921771657572353,,False,0,England,0,2,"October 17, 2025 at 03:51 PM"
Keir Starmer (UK PM),domain,1979213323280261315,https://x.com/LISA885217491/status/1979213323280261315,@Keir_Starmer 🤡,1437102097401585670,,False,0,Antwerp,2,3,"October 17, 2025 at 03:50 PM"
Keir Starmer (UK PM),domain,1979213261510737979,https://x.com/Gilana25/status/1979213261510737979,@Keir_Starmer Liar,761596553215746048,,False,0,"South West, England",0,11,"October 17, 2025 at 03:49 PM"
Keir Starmer (UK PM),domain,1979212998452380096,https://x.com/Black_Author/status/1979212998452380096,@Keir_Starmer 🤡,345032811,,False,0,England.,2,15,"October 17, 2025 at 03:48 PM"
Keir Starmer (UK PM),domain,1979212680314425562,https://x.com/Choch66/status/1979212680314425562,@Keir_Starmer,1527204879105769474,,False,0,Never you mind,0,0,"October 17, 2025 at 03:47 PM"
Keir Starmer (UK PM),domain,1979212545803120791,https://x.com/BernieGarbett/status/1979212545803120791,@Keir_Starmer When?,332999297,,False,0,"Shrewsbury, England",2,6,"October 17, 2025 at 03:46 PM"
Keir Starmer (UK PM),domain,1979211656270852150,https://x.com/BrandonLetsgo14/status/1979211656270852150,@Keir_Starmer Let’s get Britain deporting,1554201697614020608,,False,0,,2,5,"October 17, 2025 at 03:43 PM"
Keir Starmer (UK PM),domain,1979210824179646891,https://x.com/ljonesljones14/status/1979210824179646891,@Keir_Starmer,763676589729153024,,False,0,north west,0,2,"October 17, 2025 at 03:40 PM"
Keir Starmer (UK PM),domain,1979210324025778337,https://x.com/ljonesljones14/status/1979210324025778337,@Keir_Starmer,763676589729153024,,False,0,north west,0,2,"October 17, 2025 at 03:38 PM"
Keir Starmer (UK PM),domain,1979209523291160634,https://x.com/jojoz_lyne/status/1979209523291160634,@Keir_Starmer Let’s get you out,1587936510405480450,,False,0,,0,2,"October 17, 2025 at 03:34 PM"
Keir Starmer (UK PM),domain,1979208162893840890,https://x.com/ljonesljones14/status/1979208162893840890,@Keir_Starmer @ShabanaMahmood,763676589729153024,,False,0,north west,0,9,"October 17, 2025 at 03:29 PM"
Keir Starmer (UK PM),domain,1979207725297909913,https://x.com/ljonesljones14/status/1979207725297909913,@Keir_Starmer @ShabanaMahmood,763676589729153024,,False,0,north west,0,9,"October 17, 2025 at 03:27 PM"
Keir Starmer (UK PM),domain,1979207600378958015,https://x.com/Sicee420/status/1979207600378958015,@TRobinsonNewEra @Keir_Starmer @AmichaiChikli @OzraeliAvi 🤣😂🤣,1525151777368186882,,False,0,"Greenock, Scotland",1,36,"October 17, 2025 at 03:27 PM"
Keir Starmer (UK PM),domain,1979207231590584552,https://x.com/LudicrouseWitch/status/1979207231590584552,@Keir_Starmer What? Mosques?,1594838588008677382,,False,0,,1,8,"October 17, 2025 at 03:25 PM"
Keir Starmer (UK PM),domain,1979206866413445623,https://x.com/Berolblade/status/1979206866413445623,@Keir_Starmer,747536738080460800,,False,0,,0,4,"October 17, 2025 at 03:24 PM"
Keir Starmer (UK PM),domain,1979206631192715509,https://x.com/brianwatvr/status/1979206631192715509,@Keir_Starmer,1816486721313218560,,False,0,,0,7,"October 17, 2025 at 03:23 PM"
Keir Starmer (UK PM),domain,1979206492415783162,https://x.com/mixiax/status/1979206492415783162,@Keir_Starmer,278912149,,False,0,"California, USA",0,13,"October 17, 2025 at 03:22 PM"
Keir Starmer (UK PM),domain,1979206033370206631,https://x.com/Berolblade/status/1979206033370206631,@Keir_Starmer,747536738080460800,,False,0,,0,3,"October 17, 2025 at 03:21 PM"
Keir Starmer (UK PM),domain,1979205142349054051,https://x.com/jackaws21/status/1979205142349054051,@Keir_Starmer @ShabanaMahmood,1875454349473693696,,False,0,United Kingdom,0,3,"October 17, 2025 at 03:17 PM"
Keir Starmer (UK PM),domain,1979204680040304677,https://x.com/MMmmwa/status/1979204680040304677,@Keir_Starmer @YvetteCooperMP @EmilyThornberry @JohnHealey_MP @SadiqKhan @ukhomeoffice @metpoliceuk @FCDOGovUK @ShabanaMahmood ⬇️⬇️,45400210,,False,0,"London, England",0,8,"October 17, 2025 at 03:15 PM"
Keir Starmer (UK PM),domain,1979202725146501253,https://x.com/grandvistaview/status/1979202725146501253,@helen_spirit1 @ShabanaMahmood @Keir_Starmer Both,1509798520986947625,,False,0,"Florida, USA",2,13,"October 17, 2025 at 03:07 PM"
Keir Starmer (UK PM),domain,1979201114261123238,https://x.com/BlueFroggolotl/status/1979201114261123238,@Keir_Starmer Mosques?,1430219944059228160,,False,0,,0,4,"October 17, 2025 at 03:01 PM"
Keir Starmer (UK PM),domain,1979200006050496780,https://x.com/northern_oik/status/1979200006050496780,@Keir_Starmer Resign,1218721433578287105,,False,0,Dagoba System,0,5,"October 17, 2025 at 02:57 PM"
Keir Starmer (UK PM),domain,1979199889809772786,https://x.com/shaneysonudon/status/1979199889809772786,@Keir_Starmer Cunt,1743300692725624832,,False,0,Unicorn country,0,2,"October 17, 2025 at 02:56 PM"
Keir Starmer (UK PM),domain,1979199777465041393,https://x.com/DorothyMal41697/status/1979199777465041393,@TRobinsonNewEra @Keir_Starmer 🤣🤣🤣,1754899791702568960,,False,0,Where are all the chidren?????,0,9,"October 17, 2025 at 02:56 PM"
Keir Starmer (UK PM),domain,1979198948817440822,https://x.com/JeffStump3/status/1979198948817440822,@helen_spirit1 @ShabanaMahmood @Keir_Starmer Both.,1078265268546228224,,False,0,"Huddersfield, England",2,6,"October 17, 2025 at 02:52 PM"
Keir Starmer (UK PM),domain,1979198648358453367,https://x.com/geraldi21118531/status/1979198648358453367,@Keir_Starmer 🤣🤣🤣,1510990983172968459,,False,0,,0,2,"October 17, 2025 at 02:51 PM"
Keir Starmer (UK PM),domain,1979197260777787428,https://x.com/KWE2025/status/1979197260777787428,@Keir_Starmer 🤡,1823104817201324032,,False,0,🇺🇸 ,0,4,"October 17, 2025 at 02:46 PM"
Keir Starmer (UK PM),domain,1979196159814963336,https://x.com/MMmmwa/status/1979196159814963336,@Keir_Starmer @YvetteCooperMP @EmilyThornberry @JohnHealey_MP @SadiqKhan @ukhomeoffice @metpoliceuk @FCDOGovUK @ShabanaMahmood ⬇️⬇️,45400210,,False,0,"London, England",0,4,"October 17, 2025 at 02:41 PM"
Keir Starmer (UK PM),domain,1979195656003567833,https://x.com/30flan09/status/1979195656003567833,@BGatesIsaPyscho @Keir_Starmer,163967727,,False,0,,0,4,"October 17, 2025 at 02:39 PM"
Keir Starmer (UK PM),domain,1979194797085614108,https://x.com/gcuneyt71/status/1979194797085614108,@Keir_Starmer 🖕🖕🖕,1711990075762872320,,False,0,,0,0,"October 17, 2025 at 02:36 PM"
Keir Starmer (UK PM),domain,1979194762402951502,https://x.com/MorgenVrijman/status/1979194762402951502,@Keir_Starmer Wanker,1424370570666385411,,False,0,,0,11,"October 17, 2025 at 02:36 PM"
Keir Starmer (UK PM),domain,1979194288924676229,https://x.com/marie_angele/status/1979194288924676229,Maccabi IS THAT 🔽 @Keir_Starmer !!,93891680,,False,0,,1,25,"October 17, 2025 at 02:34 PM"
Keir Starmer (UK PM),domain,1979194276157301002,https://x.com/MVaztec/status/1979194276157301002,@Keir_Starmer 😂,26592426,,False,0,USA,0,3,"October 17, 2025 at 02:34 PM"
Keir Starmer (UK PM),domain,1979193558067470418,https://x.com/DanKurt12975/status/1979193558067470418,@Keir_Starmer Liar,1821043909604339712,,False,0,,1,2,"October 17, 2025 at 02:31 PM"
Keir Starmer (UK PM),domain,1979193133960159559,https://x.com/TeambringitMike/status/1979193133960159559,@Keir_Starmer Resign.,354222514,,False,0,,1,17,"October 17, 2025 at 02:29 PM"
Keir Starmer (UK PM),domain,1979193133779779914,https://x.com/NissimBetesh/status/1979193133779779914,@Keir_Starmer,371579704,,False,0,,0,11,"October 17, 2025 at 02:29 PM"
Keir Starmer (UK PM),domain,1979192952653042033,https://x.com/TrollNScroll/status/1979192952653042033,@Keir_Starmer Mosques?,1512087804779454473,,False,0,No Checkmarkville,0,4,"October 17, 2025 at 02:29 PM"
Keir Starmer (UK PM),domain,1979192818603090116,https://x.com/1966Dear/status/1979192818603090116,@Keir_Starmer @ShabanaMahmood,2648634791,,False,0,"London, UK",0,7,"October 17, 2025 at 02:28 PM"
Keir Starmer (UK PM),domain,1979192699879125364,https://x.com/UKPatriot1961/status/1979192699879125364,@helen_spirit1 @ShabanaMahmood @Keir_Starmer Lying,1952084109242646528,,False,0,,2,9,"October 17, 2025 at 02:28 PM"
Keir Starmer (UK PM),domain,1979192526104871388,https://x.com/Kinshasho/status/1979192526104871388,@Keir_Starmer ?,1498748488045277185,,False,0,"Tarragona, Espanya",0,2,"October 17, 2025 at 02:27 PM"
Keir Starmer (UK PM),domain,1979192319967424599,https://x.com/1966Dear/status/1979192319967424599,@Keir_Starmer @ShabanaMahmood,2648634791,,False,0,"London, UK",0,3,"October 17, 2025 at 02:26 PM"
Keir Starmer (UK PM),domain,1979192027578306792,https://x.com/Johaaan91/status/1979192027578306792,@Keir_Starmer Wanker,883975987087716352,,False,0,,1,8,"October 17, 2025 at 02:25 PM"
Keir Starmer (UK PM),domain,1979191635004080546,https://x.com/pansypotter56/status/1979191635004080546,@RobertJenrick @Keir_Starmer,393922362,,False,0,"London, England",1,19,"October 17, 2025 at 02:23 PM"
Keir Starmer (UK PM),domain,1979191372469895287,https://x.com/1966Dear/status/1979191372469895287,@Keir_Starmer,2648634791,,False,0,"London, UK",0,3,"October 17, 2025 at 02:22 PM"
Keir Starmer (UK PM),domain,1979190864594223258,https://x.com/FootballFren09/status/1979190864594223258,@Keir_Starmer 🤡🤡🤡🤡,1069198780736696326,,False,0,,0,3,"October 17, 2025 at 02:20 PM"
Keir Starmer (UK PM),domain,1979189912080417160,https://x.com/1966Dear/status/1979189912080417160,@Keir_Starmer,2648634791,,False,0,"London, UK",0,1,"October 17, 2025 at 02:17 PM"
Keir Starmer (UK PM),domain,1979189499176362385,https://x.com/kezi2001/status/1979189499176362385,@Keir_Starmer Resign,2314078605,,False,0,"Thornaby on Tees, England",0,4,"October 17, 2025 at 02:15 PM"
Keir Starmer (UK PM),domain,1979189478498373982,https://x.com/DoraMoo28/status/1979189478498373982,@Keir_Starmer What about the rest of us?,3195482897,,False,0,London,0,3,"October 17, 2025 at 02:15 PM"
Keir Starmer (UK PM),domain,1979188773813358712,https://x.com/MichaelPut40204/status/1979188773813358712,@Keir_Starmer,1824509008268419072,,False,0,"Va,usa",0,0,"October 17, 2025 at 02:12 PM"
Keir Starmer (UK PM),domain,1979188654275805629,https://x.com/joe42net/status/1979188654275805629,@Keir_Starmer 🤡,1796581913496326146,,False,0,,0,2,"October 17, 2025 at 02:12 PM"
Keir Starmer (UK PM),domain,1979187014818730131,https://x.com/MichelleSayer17/status/1979187014818730131,@Keir_Starmer,798876595503108096,,False,0,,0,0,"October 17, 2025 at 02:05 PM"
Keir Starmer (UK PM),domain,1979186334385291478,https://x.com/Tiger_Bay62/status/1979186334385291478,@Keir_Starmer 👇,1262254938,,False,0,,0,2,"October 17, 2025 at 02:02 PM"
Keir Starmer (UK PM),domain,1979186136456081912,https://x.com/StuMunkee/status/1979186136456081912,@Keir_Starmer 🤡,239088016,,False,0,Bonoboville,0,1,"October 17, 2025 at 02:02 PM"
Keir Starmer (UK PM),domain,1979185251231400009,https://x.com/DamourDYOR/status/1979185251231400009,@Keir_Starmer Wanker,1969936207506452480,,False,0,,0,1,"October 17, 2025 at 01:58 PM"
Keir Starmer (UK PM),domain,1979184508579492349,https://x.com/richardjamesed1/status/1979184508579492349,@Keir_Starmer Resign,2948934233,,False,0,,1,5,"October 17, 2025 at 01:55 PM"
Keir Starmer (UK PM),domain,1979184233949053177,https://x.com/pursseyg/status/1979184233949053177,@Keir_Starmer Clown,1859767397160230912,,False,0,,1,4,"October 17, 2025 at 01:54 PM"
Keir Starmer (UK PM),domain,1979184082610438412,https://x.com/Bilbosbagz/status/1979184082610438412,@Keir_Starmer Resign,985567669578534912,,False,0,Nowhere.,2,8,"October 17, 2025 at 01:53 PM"
Keir Starmer (UK PM),domain,1979182787476267067,https://x.com/ThereseSimmo1/status/1979182787476267067,@Keir_Starmer,568057170,,False,0,,0,13,"October 17, 2025 at 01:48 PM"
Keir Starmer (UK PM),domain,1979182498895573259,https://x.com/thechatbotnot/status/1979182498895573259,@Keir_Starmer,1640654206661976064,,False,0,"London, England",0,0,"October 17, 2025 at 01:47 PM"
Keir Starmer (UK PM),domain,1979182472215547977,https://x.com/ThePastaManCan_/status/1979182472215547977,@Keir_Starmer Resign,1876210943983575040,,False,0,UK,1,12,"October 17, 2025 at 01:47 PM"
Keir Starmer (UK PM),domain,1979182237548449965,https://x.com/mrsjen2023/status/1979182237548449965,@TRobinsonNewEra @Keir_Starmer @AmichaiChikli @OzraeliAvi 😆,3558925157,,False,0,"Warrington, England",2,73,"October 17, 2025 at 01:46 PM"
Keir Starmer (UK PM),domain,1979182060951544289,https://x.com/SpiritOfSiberia/status/1979182060951544289,@Keir_Starmer Building what? Mosques?,1137517600492183552,,False,0,"Ottawa, Ontario",4,51,"October 17, 2025 at 01:45 PM"
Keir Starmer (UK PM),domain,1979180688206110755,https://x.com/GodCountryBucks/status/1979180688206110755,@Keir_Starmer Resign,1842374908543737856,,False,0,United States,3,8,"October 17, 2025 at 01:40 PM"
Keir Starmer (UK PM),domain,1979180585202360546,https://x.com/jeff_goods63220/status/1979180585202360546,@Keir_Starmer Liar.,1956181601534001152,,False,0,,1,4,"October 17, 2025 at 01:39 PM"
Keir Starmer (UK PM),domain,1979180218741854507,https://x.com/StephenPLundy/status/1979180218741854507,@Keir_Starmer,557940912,,False,0,,1,5,"October 17, 2025 at 01:38 PM"
Keir Starmer (UK PM),domain,1979180068082459112,https://x.com/MrsP32233725/status/1979180068082459112,@RobertJenrick @Keir_Starmer,1558482201892818944,,False,0,,1,4,"October 17, 2025 at 01:37 PM"
Keir Starmer (UK PM),domain,1979179958267244926,https://x.com/JimiNicholls/status/1979179958267244926,@Keir_Starmer 🤡,2332631471,,False,0,Tiptonite,2,8,"October 17, 2025 at 01:37 PM"
Keir Starmer (UK PM),domain,1979179471191109657,https://x.com/no1carol/status/1979179471191109657,@Keir_Starmer,70205105,,False,0,United Kingdom,0,2,"October 17, 2025 at 01:35 PM"
Keir Starmer (UK PM),domain,1979179274470068484,https://x.com/MarsWindchimes/status/1979179274470068484,@Keir_Starmer Wanker,1727015726157119488,,False,0,Mars,1,2,"October 17, 2025 at 01:34 PM"
Keir Starmer (UK PM),domain,1979178964582072366,https://x.com/The_RS_Gadfly/status/1979178964582072366,@Keir_Starmer Liar.,1571530634,,False,0,Somewhere is meatspace,1,1,"October 17, 2025 at 01:33 PM"
Keir Starmer (UK PM),domain,1979178680292106535,https://x.com/no1carol/status/1979178680292106535,@Keir_Starmer,70205105,,False,0,United Kingdom,1,1,"October 17, 2025 at 01:32 PM"
Keir Starmer (UK PM),domain,1979178437680959561,https://x.com/ToshiroJC/status/1979178437680959561,@Keir_Starmer @ShabanaMahmood,480699122,,False,0,Where my heart is Happy,1,15,"October 17, 2025 at 01:31 PM"
Keir Starmer (UK PM),domain,1979178196055584855,https://x.com/penning_gerben/status/1979178196055584855,@Keir_Starmer Idiot,1603452348516515922,,False,0,,1,3,"October 17, 2025 at 01:30 PM"
Keir Starmer (UK PM),domain,1979177704583840159,https://x.com/no1carol/status/1979177704583840159,@Keir_Starmer,70205105,,False,0,United Kingdom,0,3,"October 17, 2025 at 01:28 PM"
Keir Starmer (UK PM),domain,1979177533284258203,https://x.com/MongrovianMike/status/1979177533284258203,@Keir_Starmer 🖕🖕🖕🖕,2249131961,,False,0,"New York, USA and Mongrovia",1,21,"October 17, 2025 at 01:27 PM"
Keir Starmer (UK PM),domain,1979177345698124025,https://x.com/Willamina74/status/1979177345698124025,@Keir_Starmer,1721440000246468608,,False,0,"England, United Kingdom",1,5,"October 17, 2025 at 01:27 PM"
Keir Starmer (UK PM),domain,1979176686890459317,https://x.com/no1carol/status/1979176686890459317,@Keir_Starmer @ShabanaMahmood,70205105,,False,0,United Kingdom,1,5,"October 17, 2025 at 01:24 PM"
