Author ID,posts,subject_posts,include_hits,exclude_hits,avg_relevance,avg_domain_similarity,max_domain_similarity,author_username,url_share,blue_verified,focus_share
161079363,12,12,12,1,0.9166666666666666,,,Costco_Insider,1.0,True,1.0
66154578,12,3,3,0,0.25,,,hawkblogger,0.4166666666666667,True,0.25
15592792,12,2,2,0,0.16666666666666666,,,readersdigest,1.0,True,0.16666666666666666
596035197,12,2,2,0,0.16666666666666666,,,CVTSoftServe,0.8333333333333334,True,0.16666666666666666
1028222332802715649,12,2,2,0,0.16666666666666666,,,_mika_ns_,0.9166666666666666,False,0.16666666666666666
1755639194914017280,12,2,2,0,0.16666666666666666,,,rapebears,0.16666666666666666,True,0.16666666666666666
1944237731288428545,12,2,2,0,0.16666666666666666,,,yushitowa,0.75,False,0.16666666666666666
1958873548740861953,12,2,2,0,0.16666666666666666,,,humberwire,1.0,False,0.16666666666666666
1651978718758445056,12,2,2,6,-0.3333333333333333,,,YunSean1234,0.5833333333333334,False,0.16666666666666666
