Subject,Dataset,Tweet ID,URL,Content,Author ID,Author Username,Author Blue Verified (T/F),Followers,Author Location,Likes,Views,Date,Original User Sentiment,include_terms_matched,exclude_terms_matched,include_match_count,exclude_match_count,topic_relevance_score
Costco,codomain,1.9763092360626424e+18,https://x.com/readersdigest/status/1976309236062642386,"Here's a prescription for doctor jokes, hospital humor, medical puns and more to cure your laughter deficiency. https://t.co/HifNH2kVO0",15592792,readersdigest,True,117471,,0,123,"October 9, 2025 at 03:30 PM",Positive,[],[],0,0,0
Costco,codomain,1.976299136879346e+18,https://x.com/YunSean1234/status/1976299136879346173,WOW!!!:) AS I'VE WARNED OF THE BIGGEST EVER NEVER EVER BUBBLES OF STOCKS BONDS CRYPTOS REAL ESTATE NOW THOSE ARE POPPING NOW!!:) INDEED T$$$$$$$$$$$$$$$$$$$$$$-BUBBLES ARE EXPLDOING NOW!!:) WOW!!!:) THIS IS CRAZY!!!:) NOTHING BUT INSANITY!!!:) IT'S THE BIGGEST EVER GOLD TIME!!!:) https://t.co/uCMFNZKlFc,1651978718758445056,YunSean1234,False,325,,0,24,"October 9, 2025 at 02:50 PM",Negative,[],['stocks'],0,1,-1
Costco,codomain,1.9762961787790623e+18,https://x.com/YunSean1234/status/1976296178779062552,WOW!!!!:) AS I'VE SAID THAT NOW YEN IS GETTING BACK TO +160 LEVEL DRIVEN BY THE EXPLODING T¥¥¥¥¥¥¥¥¥¥¥¥¥¥¥¥¥¥¥¥¥¥¥¥¥-SOVEREIGN DEBT ARMAGEDDON!!!:) WOW!!:) INDEED IT'S TOOOOOOOOOOOO LATE TO FIX THE DEBT ARMAGEDDON!!!:) AND MORE+MORE=THE MMT CRISIS!!:) WOW!!:) IT'S GOLD TIME!!!!:) https://t.co/x2OY7LHJoS,1651978718758445056,YunSean1234,False,325,,0,24,"October 9, 2025 at 02:38 PM",Negative,[],[],0,0,0
Costco,codomain,1.9762943525038367e+18,https://x.com/YunSean1234/status/1976294352503837001,RT @YunSean1234: WOW!!!! WE ARE SEEING IN ANYWAY MATHEMATICALLY YEN IS GOING BACK TO +160 RANGE AGAIN DRIVEN BY THE EXPLODING T¥¥¥¥¥¥¥¥¥¥¥¥…,1651978718758445056,YunSean1234,False,325,,0,36,"October 9, 2025 at 02:31 PM",Negative,[],[],0,0,0
Costco,codomain,1.976294327589753e+18,https://x.com/YunSean1234/status/1976294327589753239,RT @YunSean1234: +10000%% FACT IS THAT SOVEREIGN DEBT ARMAGEDDON HAS ARRIVED ALREADY!!!!!:) DO THE MATH!!!!:) JAPAN GOVERNMENT HAS NO CHOIC…,1651978718758445056,YunSean1234,False,325,,0,25,"October 9, 2025 at 02:31 PM",Negative,[],[],0,0,0
Costco,codomain,1.9762871946218048e+18,https://x.com/CVTSoftServe/status/1976287194621805055,We are off the streets today for private events. But don't worry you can still get your fix at https://t.co/d5tqvw1Gsh https://t.co/udF5NLiJwX,596035197,CVTSoftServe,True,3455,"Los Angeles, CA",0,29,"October 9, 2025 at 02:02 PM",Positive,[],[],0,0,0
Costco,codomain,1.9762810256733348e+18,https://x.com/YunSean1234/status/1976281025673334918,DO THE MATH!!:) AS I'VE SAID THAT DRIVEN BY SOVEREIGN DEBT ARMAGEDDON NOW GOLD PRICE HAS NO OTHER OPTIONS BUT TO HIT +5K$ RANGE ANYWAY INDEED IT IS GOING ON+ON+ON MUCH MUCH MUCH FASTER THAN EVEN MY CONSERVATIVE MATH THAT HAS INDICATED IT BEFORE END OF 1ST Q OF 2026YR!!:) WOW!!!:) https://t.co/AQVnPvlLkE,1651978718758445056,YunSean1234,False,325,,0,54,"October 9, 2025 at 01:38 PM",Negative,[],[],0,0,0
Costco,codomain,1.9762778255788111e+18,https://x.com/humberwire/status/1976277825578811489,"Poor Lorex in GPlayReview:  {Gishan G- July 23, 2025- App keeps crashing, does not load more than 80% of the time. worked better on previous devices but not on S25. disappointing.}👎(In Sum=&gt;Vicious-Chinese-LorexCorporate)#2236766 https://t.co/u1ptl2Tuds",1958873548740861953,humberwire,False,17,,0,0,"October 9, 2025 at 01:25 PM",Negative,[],[],0,0,0
Costco,codomain,1.9762776930010524e+18,https://x.com/humberwire/status/1976277693001052375,"Avoid Lorex Camera-GPlay: {Carina Bown- September 30, 2025- This app has always been unreliable, constantly not working in playback mode. Well now, I can't even get live footage to play. For ...ough to fix the issues.}👎(Conclusion=&gt;Sucks Lorex Chinese)#2556764 https://t.co/pLaoOHhP0q",1958873548740861953,humberwire,False,17,,0,5,"October 9, 2025 at 01:24 PM",Negative,[],[],0,0,0
Costco,codomain,1.976269044509704e+18,https://x.com/YunSean1234/status/1976269044509704291,WOW!!!!:) INSANE STIMULUS PACKAGE AGAIN= MONEY PRINTINGS=THE MMT CRISIS!!!!:) WOW!!!!!:) THE NEW (-)IQ=NO ECONOMIC REALITY JAPAN PM HAS NO IDEA WHAT THE HELL IS GOING ON+ON AND ON IN JAPAN ECONOMY!!!!!:) SORRY FOR MY WORDS BUT INDEED JAPAN IS FINANCIALLY FUCKED UP!!!!:) WOW!!!!:) https://t.co/wnpaANGpOG,1651978718758445056,YunSean1234,False,325,,0,111,"October 9, 2025 at 12:50 PM",Negative,[],[],0,0,0
Costco,codomain,1.9762643888659128e+18,https://x.com/YunSean1234/status/1976264388865912960,INDEED IT'S THE BIGGEST EVER REAL ECONOMY TIME AGAINST WHAT HAS COME ALREADY+IS COMING+COMING+WILL BE COMING+COMING AND COMING!!!!!:) AGAIN+AGAIN= RISING GOLD+ENERGY(BENCHMARK OIL)PRICES HAVE NOT EVEN STARTED YET!!!!!:) THOSE HAVE NOT EVEN STARTED YET!!!!!:) WOW!!!!:) IT'S TIME!! https://t.co/VttriZJ2vX,1651978718758445056,YunSean1234,False,325,,0,26,"October 9, 2025 at 12:32 PM",Negative,[],[],0,0,0
Costco,codomain,1.9762639842075156e+18,https://x.com/readersdigest/status/1976263984207515797,"Even if you haven't picked up your car keys in a while, you should be aware of what happens when you don’t drive your car regularly. https://t.co/xU8ykCIms5",15592792,readersdigest,True,117471,,1,196,"October 9, 2025 at 12:30 PM",Positive,[],[],0,0,0
Costco,codomain,1.9762629105873797e+18,https://x.com/humberwire/status/1976262910587379771,"GPlay Review-Lorex[1-Star]: {Robert “Robbie” Reynolds- September 26, 2025- can't use my ap keeps saying network error}👎(In Short=&gt;Sucks quality of Lorex-China)#1615610 https://t.co/KY1zC54qoP",1958873548740861953,humberwire,False,17,,0,5,"October 9, 2025 at 12:26 PM",Negative,[],[],0,0,0
Costco,codomain,1.9762628460370327e+18,https://x.com/humberwire/status/1976262846037033023,"Avoid Lorex Camera-GPlay: {Gishan G- July 23, 2025- App keeps crashing, does not load more than 80% of the time. worked better on previous devices but not on S25. disappointing.}👎(Conclusion=&gt;Sucks Lorex Chinese)#2155609 https://t.co/Mb07nNWHMQ",1958873548740861953,humberwire,False,17,,0,1,"October 9, 2025 at 12:25 PM",Negative,[],[],0,0,0
Costco,codomain,1.9762610891145871e+18,https://x.com/YunSean1234/status/1976261089114587246,I JUST FINISHED MY MATH AGAIN+AGAIN!!!!!:) AS I'VE WARNED THAT US ECONOMY IS COLLAPSING NOW!!!!:) INDEED IT IS COLLAPSING NOW!!!!:) AS I'VE WARNED OF TECH THAT CANNOT BE A SAVIOR OF THE ECONOMY!!!!!:) INDEED IT IS TOOOOOOOO LATE TO FIX THE SOVEREIGN DEBT ARMAGEDDON!!!!!:) WOW!!!! https://t.co/f1nJ5iWNWJ,1651978718758445056,YunSean1234,False,325,,0,43,"October 9, 2025 at 12:18 PM",Negative,[],[],0,0,0
Costco,codomain,1.9762584112905997e+18,https://x.com/YunSean1234/status/1976258411290599593,RT @YunSean1234: WHAT ABOUT TARGET?!!!:) YOU ARE SEEING MORE+MORE AND MORE COLLAPSING ITS EARNINGS AS THE STOCK PRICE SHOWING THAT!!!:) SO…,1651978718758445056,YunSean1234,False,325,,0,52,"October 9, 2025 at 12:08 PM",Negative,[],"['stock', 'earnings']",0,2,-2
Costco,codomain,1.9762366769902671e+18,https://x.com/humberwire/status/1976236676990267419,"Lorex in [1-star]GPlayReview:{Anthony Vicente- September 15, 2025- Not user-friendly. the app sometimes drops cameras that are hardwired into the system. I'm unable to use all the Lorex camera...meras that I bought.}👎(in a shell=&gt;Terrible Chinese Lorex)#2553342 https://t.co/MgFup7EnOY",1958873548740861953,humberwire,False,17,,0,1,"October 9, 2025 at 10:41 AM",Negative,[],[],0,0,0
Costco,codomain,1.9762366143651103e+18,https://x.com/humberwire/status/1976236614365110588,"Poor Lorex in GPlayReview:  {Kim Schumacher- June 3, 2025- app sucks. doesn't show recording when there is movement. crashes or says something is wrong constantly}👎(Finally=&gt;Wicked-Lorex)#1893341 https://t.co/Aa0yz6svCU",1958873548740861953,humberwire,False,17,,0,6,"October 9, 2025 at 10:41 AM",Negative,[],[],0,0,0
Costco,codomain,1.976233714809004e+18,https://x.com/readersdigest/status/1976233714809004224,Put your Word Power to the test with this roundup of our favorite vocabulary quizzes. Match the word to its correct definition...if you can! https://t.co/K8BROd2BOJ,15592792,readersdigest,True,117471,,0,233,"October 9, 2025 at 10:30 AM",Positive,[],[],0,0,0
Costco,codomain,1.9762245706728243e+18,https://x.com/humberwire/status/1976224570672824381,"Avoid Lorex Camera-GPlay: {Jay R- September 3, 2025- consistently gives me an error messages and won't play videos or recorded events. now won't even display my cameras live.}👎(In Sum=&gt;Vicious-Chinese-LorexCorporate)#2192219 https://t.co/Nfz7ySVSIM",1958873548740861953,humberwire,False,17,,0,1,"October 9, 2025 at 09:53 AM",Negative,[],[],0,0,0
Costco,codomain,1.9762245098974213e+18,https://x.com/humberwire/status/1976224509897421117,"Avoid Lorex Product(Lorex): {Adam Douglas- August 24, 2025- GO BUY BETTER. Over 1000$ wasted because this app does not work I have given up trying to keep my cameras running with this CANCERO...shooting, with zero success.}👎(Ultimately=&gt;Horrible Lorex)#2552218 https://t.co/h0QNBUuOsC",1958873548740861953,humberwire,False,17,,0,5,"October 9, 2025 at 09:53 AM",Negative,[],[],0,0,0
Costco,codomain,1.9762244446717832e+18,https://x.com/humberwire/status/1976224444671783315,"Lorex in [1-star]GPlayReview:{Donna Eagen-August 17, 2025- I have the same issues; uh oh, something went wrong. The timeline doesn't work. While watching an event on timeline, it flashes off o...re power loss. Terrible!!}👎(Conclusion=&gt;Lorex Sucks Rated)#2552217 https://t.co/s0mdBh51F0",1958873548740861953,humberwire,False,17,,0,1,"October 9, 2025 at 09:53 AM",Negative,[],[],0,0,0
Costco,codomain,1.9762100612960092e+18,https://x.com/humberwire/status/1976210061296009293,"Poor Lorex in GPlayReview:  {Doug Vinie- August 27, 2025- lorex is the worst. ive spent over 4000 dollars on systems for my company, garbage equip. but the apps they have awful awful awful.}👎(In Sum=&gt;Vicious-Chinese-LorexCorporate)#233166 https://t.co/PL5juktwIN",1958873548740861953,humberwire,False,17,,0,0,"October 9, 2025 at 08:56 AM",Negative,[],[],0,0,0
Costco,codomain,1.9762090412832197e+18,https://x.com/YunSean1234/status/1976209041283219769,AGAIN+AGAIN= BETWEEN PHYSICAL GOLD AND CURRENCIES WHICH ONE HAS BEEN A GREAT HEDGE AGAINST THE EXPLODING T$$$$$$$$$$$$$$$$$$$$$$$$-SOVEREIGN DEBT CRISIS= THE BIGGEST EVER FISCAL CRISES EVERYWHERE IN EUROPE+USA+JAPAN+CHINA+S KOREA+CANADA+AUSTRALIA(+NZ) ETC EVERYWHERE!!!!!!!:) WOW! https://t.co/WwuZpUa7ga,1651978718758445056,YunSean1234,False,325,,0,39,"October 9, 2025 at 08:52 AM",Negative,[],[],0,0,0
Costco,codomain,1.9761915372111176e+18,https://x.com/yushitowa/status/1976191537211117799,"麻婆茄子🍆

#おうちごはん https://t.co/QIgoo02tJ6",1944237731288428545,yushitowa,False,37,,8,58,"October 9, 2025 at 07:42 AM",Positive,[],[],0,0,0
Costco,codomain,1.9761440559073157e+18,https://x.com/hawkblogger/status/1976144055907315753,Making Jeter and A-Rod have to smile through this only makes it sweeter.,66154578,hawkblogger,True,53664,"Bellevue, WA",128,15009,"October 9, 2025 at 04:33 AM",Positive,[],[],0,0,0
Costco,codomain,1.97612115397154e+18,https://x.com/rapebears/status/1976121153971540119,This is something Goonly Gummyton would do https://t.co/FDl118zuBf,1755639194914017280,rapebears,True,629,,0,53,"October 9, 2025 at 03:02 AM",Negative,[],[],0,0,0
Costco,codomain,1.9761061350326108e+18,https://x.com/rapebears/status/1976106135032610822,Sorry I can’t make it I’m going to hell. I want to take care of it now so I don’t have to worry about it later,1755639194914017280,rapebears,True,629,,1,58,"October 9, 2025 at 02:03 AM",Negative,[],[],0,0,0
Costco,codomain,1.976105426673656e+18,https://x.com/hawkblogger/status/1976105426673655866,"It's time for @RealHawkTalk with @NathanE11 and @EvanHillHB! Come on over!

https://t.co/DdE5wbTvm9 https://t.co/oy4aW2lFAz",66154578,hawkblogger,True,53664,"Bellevue, WA",24,5808,"October 9, 2025 at 02:00 AM",Positive,[],[],0,0,0
Costco,codomain,1.9760734738365847e+18,https://x.com/hawkblogger/status/1976073473836584975,"Join us for @RealHawkTalk at 7PM PT tonight with @EvanHillHB and @NathanE11 

https://t.co/eA9cW70Hnj",66154578,hawkblogger,True,53664,"Bellevue, WA",16,8773,"October 8, 2025 at 11:53 PM",Positive,[],[],0,0,0
Costco,codomain,1.9760722461470433e+18,https://x.com/hawkblogger/status/1976072246147043410,"RT @uditranasaria: I created a custom metric in the @SumerSports  SumerBrain for plays that I think are ""playcaller credit"" more than most.…",66154578,hawkblogger,True,53664,"Bellevue, WA",14,6330,"October 8, 2025 at 11:48 PM",Positive,[],[],0,0,0
Costco,codomain,1.9760629916879096e+18,https://x.com/hawkblogger/status/1976062991687909542,RT @BradyHenderson: Woolen left the Bucs game with a concussion. Practicing today as a limited participant doesn’t mean he’s cleared concus…,66154578,hawkblogger,True,53664,"Bellevue, WA",42,7480,"October 8, 2025 at 11:11 PM",Positive,[],[],0,0,0
Costco,codomain,1.9760627895854164e+18,https://x.com/hawkblogger/status/1976062789585416485,"Long list of DNP for the Seahawks. Emmanwori as limited and Ernest Jones as DNP is worth watching. 

Woolen as limited is a good sign that he’s moving through the concussion protocol. 

Travon Walker was a limited for JAX, which would be a big player to get back. https://t.co/tfPVRsy5HC",66154578,hawkblogger,True,53664,"Bellevue, WA",132,13565,"October 8, 2025 at 11:10 PM",Positive,[],[],0,0,0
Costco,codomain,1.9760612822616312e+18,https://x.com/rapebears/status/1976061282261631352,Self deprecation is the lowest form of humor. It’s much harder to say something positive and creative than be negative and critical,1755639194914017280,rapebears,True,629,,6,96,"October 8, 2025 at 11:04 PM",Negative,[],[],0,0,0
Costco,codomain,1.97605971070199e+18,https://x.com/rapebears/status/1976059710701990154,Pooped out the old me,1755639194914017280,rapebears,True,629,,4,44,"October 8, 2025 at 10:58 PM",Negative,[],[],0,0,0
Costco,codomain,1.9760578197335575e+18,https://x.com/rapebears/status/1976057819733557529,I’m disappointed hasan didn’t actually abuse his dog,1755639194914017280,rapebears,True,629,,1,339,"October 8, 2025 at 10:51 PM",Negative,[],[],0,0,0
Costco,codomain,1.976056451526427e+18,https://x.com/rapebears/status/1976056451526426935,This would be so good imagine all the new future songs about throwing Trumps in the strip club,1755639194914017280,rapebears,True,629,,3,139,"October 8, 2025 at 10:45 PM",Negative,[],[],0,0,0
Costco,codomain,1.976052467449381e+18,https://x.com/hawkblogger/status/1976052467449381262,RT @PFF: The best teams at pressuring the QB when only sending four rushers 💥 https://t.co/mtkQkYxqcJ,66154578,hawkblogger,True,53664,"Bellevue, WA",2661,151326,"October 8, 2025 at 10:29 PM",Positive,[],[],0,0,0
Costco,codomain,1.9760484804824023e+18,https://x.com/rapebears/status/1976048480482402570,Tobacco smells so much better when you’re not smoking it,1755639194914017280,rapebears,True,629,,3,45,"October 8, 2025 at 10:14 PM",Negative,[],[],0,0,0
Costco,codomain,1.9760404992713037e+18,https://x.com/hawkblogger/status/1976040499271303639,RT @nwagoner: Kyle Shanahan said team hoped that Pearsall would be back to practice by now but since he hasn’t the team “is not counting” o…,66154578,hawkblogger,True,53664,"Bellevue, WA",131,45141,"October 8, 2025 at 09:42 PM",Positive,[],[],0,0,0
Costco,codomain,1.9760404713917937e+18,https://x.com/hawkblogger/status/1976040471391793463,"RT @StuJRams: Sean McVay said OL Rob Havenstein (ankle), TE Tyler Higbee (hip) and ILB Omar Speights (high ankle sprain) won't practice tod…",66154578,hawkblogger,True,53664,"Bellevue, WA",99,21256,"October 8, 2025 at 09:42 PM",Positive,[],[],0,0,0
Costco,codomain,1.976030309293392e+18,https://x.com/readersdigest/status/1976030309293391902,Do you use an abundance of redundance? An overflowing flow of superfluous surplus? Quit being so extra with these redundant phrases. https://t.co/OKbReoBsKv,15592792,readersdigest,True,117471,,0,256,"October 8, 2025 at 09:01 PM",Positive,[],[],0,0,0
Costco,codomain,1.976029963024466e+18,https://x.com/rapebears/status/1976029963024466157,Ignore Goonly Gummyton at your own peril,1755639194914017280,rapebears,True,629,,1,56,"October 8, 2025 at 09:00 PM",Negative,[],[],0,0,0
Costco,codomain,1.9759997093542753e+18,https://x.com/readersdigest/status/1975999709354275158,Learn more about what your special birth flowers are—and what they may tell you about your own personality. https://t.co/tbPdtarRUa,15592792,readersdigest,True,117471,,1,280,"October 8, 2025 at 07:00 PM",Positive,[],[],0,0,0
Costco,codomain,1.97599457515733e+18,https://x.com/rapebears/status/1975994575157330120,How to know when to stop drinking coffee,1755639194914017280,rapebears,True,629,,2,95,"October 8, 2025 at 06:39 PM",Negative,[],[],0,0,0
Costco,codomain,1.9759935899909327e+18,https://x.com/rapebears/status/1975993589990932624,RT @BruceWayneBurnr: Peak autism https://t.co/l4BkL7quD0,1755639194914017280,rapebears,True,629,,26,516,"October 8, 2025 at 06:35 PM",Negative,[],[],0,0,0
Costco,codomain,1.9759840533053568e+18,https://x.com/CVTSoftServe/status/1975984053305356694,"Greetings from Atlantic City, NJ at the Vistar show where I'm trying to perfect the ""look down and laugh at something"" influencer pose. It's a work in progress, but I feel comfortable giving myself a solid 6.2/10. https://t.co/63x5LvvI8e",596035197,CVTSoftServe,True,3455,"Los Angeles, CA",0,44,"October 8, 2025 at 05:58 PM",Positive,[],[],0,0,0
Costco,codomain,1.9759694990199355e+18,https://x.com/readersdigest/status/1975969499019935750,Only 1% to 2% of the population has red hair. But what about redheads is so special? Check out these facts about redheads to find out. https://t.co/xmtv8GDIUu,15592792,readersdigest,True,117471,,0,238,"October 8, 2025 at 05:00 PM",Positive,[],[],0,0,0
Costco,codomain,1.975946804341494e+18,https://x.com/readersdigest/status/1975946804341493987,Wendy's baked potatoes are a huge part of the chain's business. So why haven't any other fast-food restaurants started selling them? https://t.co/3kiVfBS7gR,15592792,readersdigest,True,117471,,0,220,"October 8, 2025 at 03:30 PM",Positive,[],[],0,0,0
Costco,codomain,1.9759247102075904e+18,https://x.com/CVTSoftServe/status/1975924710207590603,We are off the streets today for private events. But don't worry you can still get your fix at https://t.co/d5tqvw1Gsh https://t.co/CX7HXqcc73,596035197,CVTSoftServe,True,3455,"Los Angeles, CA",0,43,"October 8, 2025 at 02:02 PM",Positive,[],[],0,0,0
Costco,codomain,1.9758713187350692e+18,https://x.com/readersdigest/status/1975871318735069399,"The instructions for solving this ""how many squares"" puzzle are simple: Count the squares. It seems simple, but it's trickier than you think! https://t.co/Vlu0LxyXZn",15592792,readersdigest,True,117471,,0,245,"October 8, 2025 at 10:30 AM",Positive,[],[],0,0,0
Costco,codomain,1.9758410960359508e+18,https://x.com/readersdigest/status/1975841096035950951,"Rural chic is everywhere, from folksy sayings to barn weddings. But what's the deal with stars on barns? We asked a real farmer to weigh in. https://t.co/pwF9tvl0Cf",15592792,readersdigest,True,117471,,1,379,"October 8, 2025 at 08:30 AM",Positive,[],[],0,0,0
Costco,codomain,1.9757653138296136e+18,https://x.com/yushitowa/status/1975765313829613765,"イカ明太パスタ🦑🍝

作ってもらった🙏

#おうちごはん https://t.co/rS0Lvz3rQZ",1944237731288428545,yushitowa,False,37,,9,189,"October 8, 2025 at 03:28 AM",Positive,[],[],0,0,0
Costco,codomain,1.975667766834168e+18,https://x.com/readersdigest/status/1975667766834168195,"A, B, C, D, F—wait, what? Why is there no E in the grading system? We got to the bottom of this education mystery. https://t.co/18ICZbrtLT",15592792,readersdigest,True,117471,,1,307,"October 7, 2025 at 09:01 PM",Positive,[],[],0,0,0
Costco,codomain,1.9755652650869148e+18,https://x.com/CVTSoftServe/status/1975565265086914965,"I love that people can escape from it all, and we get to be a part of the ride 😊 Thank you @_ceats , and thank you @YosemiteNPS for selling our ice cream 🙌 #WeLoveMostOfOurCustomers https://t.co/6f3ocsrfHC",596035197,CVTSoftServe,True,3455,"Los Angeles, CA",0,54,"October 7, 2025 at 02:13 PM",Positive,[],[],0,0,0
Costco,codomain,1.97556243018598e+18,https://x.com/CVTSoftServe/status/1975562430185980104,"We'll be serving it up today at 14141 Ventura Blvd in The Shoaks from 12-4, &amp; 5-9. See ya! https://t.co/7sUXwNrotA",596035197,CVTSoftServe,True,3455,"Los Angeles, CA",0,55,"October 7, 2025 at 02:02 PM",Positive,[],[],0,0,0
Costco,codomain,1.9752246036908032e+18,https://x.com/CVTSoftServe/status/1975224603690803381,"I love when folks have that ""Aha moment""...thanks so much Alex for taking a chance on us @aclfestival 🙌 #CVTexas🤠 https://t.co/U2GsmbJAWp",596035197,CVTSoftServe,True,3455,"Los Angeles, CA",1,56,"October 6, 2025 at 03:40 PM",Positive,[],[],0,0,0
Costco,codomain,1.975208428755645e+18,https://x.com/CVTSoftServe/status/1975208428755644617,"Trucks are always dark on Mondays, but don't worry you can still get your fix at https://t.co/oCDmNPAHOL https://t.co/0MXoSK6xBb",596035197,CVTSoftServe,True,3455,"Los Angeles, CA",0,55,"October 6, 2025 at 02:36 PM",Positive,[],[],0,0,0
Costco,codomain,1.975200462413632e+18,https://x.com/CVTSoftServe/status/1975200462413631923,Fun times @aclfestival ...Let's do it all over again this weekend 🙌 #CVTexas🤠 https://t.co/06bUeFu1b3,596035197,CVTSoftServe,True,3455,"Los Angeles, CA",0,52,"October 6, 2025 at 02:04 PM",Positive,[],[],0,0,0
Costco,codomain,1.9751923280350577e+18,https://x.com/_mika_ns_/status/1975192328035057860,"ヤバい、コレめっちゃ美味しい😋💕

#ヨーグルト
#Rich https://t.co/pXw9dTewTK",1028222332802715649,_mika_ns_,False,18,,0,20,"October 6, 2025 at 01:32 PM",Positive,[],[],0,0,0
Costco,codomain,1.9751525950073856e+18,https://x.com/yushitowa/status/1975152595007385739,"一番好きな♨️

満月も星も見れて最高だった😀 https://t.co/2MvzrQU5Y3",1944237731288428545,yushitowa,False,37,,2,103,"October 6, 2025 at 10:54 AM",Positive,[],[],0,0,0
Costco,codomain,1.974944149452505e+18,https://x.com/CVTSoftServe/status/1974944149452505306,Sundays are for soft serve at SoFi...Try saying that one 5 times fast! https://t.co/8I68WH9eRO,596035197,CVTSoftServe,True,3455,"Los Angeles, CA",0,75,"October 5, 2025 at 09:05 PM",Positive,[],[],0,0,0
Costco,codomain,1.9748373673630188e+18,https://x.com/CVTSoftServe/status/1974837367363018851,"We'll be serving it up today at 14141 Ventura Blvd in The Shoaks from 12-4, &amp; 5-9. See ya! https://t.co/7DO4asOcNU",596035197,CVTSoftServe,True,3455,"Los Angeles, CA",0,70,"October 5, 2025 at 02:01 PM",Positive,[],[],0,0,0
Costco,codomain,1.9747356390244152e+18,https://x.com/yushitowa/status/1974735639024415083,"クロマグロ🐟

#お家ご飯 https://t.co/5iTmixCNV6",1944237731288428545,yushitowa,False,37,,0,89,"October 5, 2025 at 07:17 AM",Positive,[],[],0,0,0
Costco,codomain,1.974564079215002e+18,https://x.com/yushitowa/status/1974564079215001941,"金曜日、土曜日忙しすぎた😵

おやすみ",1944237731288428545,yushitowa,False,37,,0,73,"October 4, 2025 at 07:55 PM",Positive,[],[],0,0,0
Costco,codomain,1.973205860928369e+18,https://x.com/yushitowa/status/1973205860928368766,"彼氏とお墓参り🪦

本家のおばあちゃん👵(95歳)が彼氏の顔が大好きすぎて興奮して離れなくて大変だった。笑

まだまだ長生きできるわ👵😍

言ってた。笑 https://t.co/PLoXtmOVyP",1944237731288428545,yushitowa,False,37,,4,400,"October 1, 2025 at 01:58 AM",Positive,[],[],0,0,0
Costco,codomain,1.9730427656019192e+18,https://x.com/_mika_ns_/status/1973042765601919301,"ソロ九州旅行で買って来た‼️
手作りチャーシューで、あごだしラーメン作ってみた✌️🍜✌️

#博多あごだし醤油ラーメン
#久原本家
#博多限定 https://t.co/9pFmvkAtKB",1028222332802715649,_mika_ns_,False,18,,0,23,"September 30, 2025 at 03:10 PM",Positive,[],[],0,0,0
Costco,codomain,1.9730415355005504e+18,https://x.com/_mika_ns_/status/1973041535500550231,"おおまさり、ご馳走様でした😋
20分くらいコトコトでちょうど良かった✌️

#おおまさり https://t.co/VPkz6eOs0y",1028222332802715649,_mika_ns_,False,18,,0,16,"September 30, 2025 at 03:05 PM",Positive,[],[],0,0,0
Costco,codomain,1.9730410691108416e+18,https://x.com/_mika_ns_/status/1973041069110841837,"うん、美味しくできた😋
全く同じ材料で作ってるのに、作り方によって味も食感も全く違う😆
勉強になるなぁ。

#茄子の豆板醤マヨ炒め🍆 https://t.co/tRXycDxh6O",1028222332802715649,_mika_ns_,False,18,,0,9,"September 30, 2025 at 03:03 PM",Positive,[],[],0,0,0
Costco,codomain,1.9717829388084636e+18,https://x.com/yushitowa/status/1971782938808463687,"クエとマグロ🐟
家でこれ食べれるって幸せすぎる😀お店みたい🍣

ありがとう🤩

#お家ご飯 https://t.co/6f9e5hujZ6",1944237731288428545,yushitowa,False,37,,3,283,"September 27, 2025 at 03:44 AM",Positive,[],[],0,0,0
Costco,codomain,1.9710705080967455e+18,https://x.com/yushitowa/status/1971070508096745532,"毎朝起きたら彼氏が横でスヤスヤ寝てる👼

幸せ🏠",1944237731288428545,yushitowa,False,37,,4,167,"September 25, 2025 at 04:33 AM",Positive,[],[],0,0,0
Costco,codomain,1.970682896819331e+18,https://x.com/yushitowa/status/1970682896819331218,米国株🇺🇸💰😊,1944237731288428545,yushitowa,False,37,,1,129,"September 24, 2025 at 02:53 AM",Positive,[],[],0,0,0
Costco,codomain,1.970433490396291e+18,https://x.com/yushitowa/status/1970433490396291271,"昨日は水春
今日はアルゴ♨️ https://t.co/7TlWZmrhYL",1944237731288428545,yushitowa,False,37,,0,136,"September 23, 2025 at 10:22 AM",Positive,[],[],0,0,0
Costco,codomain,1.9675197748855316e+18,https://x.com/_mika_ns_/status/1967519774885531676,"これで今夜も頑張れそう😆✌️

#夜勤ごはん https://t.co/AN1jfFVbKQ",1028222332802715649,_mika_ns_,False,18,,0,20,"September 15, 2025 at 09:24 AM",Positive,[],[],0,0,0
Costco,codomain,1.9665373995314263e+18,https://x.com/_mika_ns_/status/1966537399531426218,"カンパーニュ焼いてみたけど、クープがイマイチ😅💦
初めて焼いた時が一番綺麗にできるって、やっぱりビギナーズラックなんだなぁ😆

#カンパーニュ
#クープが上手く開かない https://t.co/lbilithkIt",1028222332802715649,_mika_ns_,False,18,,0,17,"September 12, 2025 at 04:20 PM",Positive,[],[],0,0,0
Costco,codomain,1.9638301447177175e+18,https://x.com/_mika_ns_/status/1963830144717717771,"手作りカルピスソーダ作ってみた✌️
市販のは甘過ぎるけど、手作りなら甘さも控えめにできるね👍

#手作りカルピス https://t.co/RXUpDtWAfo",1028222332802715649,_mika_ns_,False,18,,0,35,"September 5, 2025 at 05:02 AM",Positive,[],[],0,0,0
Costco,codomain,1.9638284984450132e+18,https://x.com/_mika_ns_/status/1963828498445013222,"半年前、母が転倒し骨折、自宅売却、施設入所💦
はぁ〜1個片付けると1個仕事が増える
😭💦💦
もういい加減解放されたいよー😭",1028222332802715649,_mika_ns_,False,18,,0,14,"September 5, 2025 at 04:56 AM",Positive,[],[],0,0,0
Costco,codomain,1.9624160546360072e+18,https://x.com/_mika_ns_/status/1962416054636007426,"血糖値下がるのかな？

#手作りゴーヤ茶 https://t.co/vNR5AcupLk",1028222332802715649,_mika_ns_,False,18,,0,28,"September 1, 2025 at 07:23 AM",Positive,[],[],0,0,0
Costco,codomain,1.9624157674142968e+18,https://x.com/_mika_ns_/status/1962415767414296851,"ブルーベリー大量消費🫐🫐🫐

#ブルーベリーベイクドチーズケーキ https://t.co/dtBl3NXhAr",1028222332802715649,_mika_ns_,False,18,,0,28,"September 1, 2025 at 07:22 AM",Positive,[],[],0,0,0
