Subject,Dataset,Tweet ID,URL,Content,Author ID,Author Username,Author Blue Verified (T/F),Followers,Author Location,Likes,Views,Date,Original User Sentiment,include_terms_matched,exclude_terms_matched,include_match_count,exclude_match_count,topic_relevance_score,url_count,cashtag_count,alpha_word_count
Costco,codomain,1.9763092360626424e+18,https://x.com/readersdigest/status/1976309236062642386,"Here's a prescription for doctor jokes, hospital humor, medical puns and more to cure your laughter deficiency. https://t.co/HifNH2kVO0",15592792,readersdigest,True,117471,,0,123,"October 9, 2025 at 03:30 PM",Positive,[],[],0,0,0,1,0,20
Costco,codomain,1.9762778255788111e+18,https://x.com/humberwire/status/1976277825578811489,"Poor Lorex in GPlayReview:  {Gishan G- July 23, 2025- App keeps crashing, does not load more than 80% of the time. worked better on previous devices but not on S25. disappointing.}👎(In Sum=&gt;Vicious-Chinese-LorexCorporate)#2236766 https://t.co/u1ptl2Tuds",1958873548740861953,humberwire,False,17,,0,0,"October 9, 2025 at 01:25 PM",Negative,[],[],0,0,0,1,0,36
Costco,codomain,1.9762776930010524e+18,https://x.com/humberwire/status/1976277693001052375,"Avoid Lorex Camera-GPlay: {Carina Bown- September 30, 2025- This app has always been unreliable, constantly not working in playback mode. Well now, I can't even get live footage to play. For ...ough to fix the issues.}👎(Conclusion=&gt;Sucks Lorex Chinese)#2556764 https://t.co/pLaoOHhP0q",1958873548740861953,humberwire,False,17,,0,5,"October 9, 2025 at 01:24 PM",Negative,[],[],0,0,0,1,0,42
Costco,codomain,1.9762639842075156e+18,https://x.com/readersdigest/status/1976263984207515797,"Even if you haven't picked up your car keys in a while, you should be aware of what happens when you don’t drive your car regularly. https://t.co/xU8ykCIms5",15592792,readersdigest,True,117471,,1,196,"October 9, 2025 at 12:30 PM",Positive,[],[],0,0,0,1,0,29
Costco,codomain,1.9762629105873797e+18,https://x.com/humberwire/status/1976262910587379771,"GPlay Review-Lorex[1-Star]: {Robert “Robbie” Reynolds- September 26, 2025- can't use my ap keeps saying network error}👎(In Short=&gt;Sucks quality of Lorex-China)#1615610 https://t.co/KY1zC54qoP",1958873548740861953,humberwire,False,17,,0,5,"October 9, 2025 at 12:26 PM",Negative,[],[],0,0,0,1,0,29
Costco,codomain,1.9762628460370327e+18,https://x.com/humberwire/status/1976262846037033023,"Avoid Lorex Camera-GPlay: {Gishan G- July 23, 2025- App keeps crashing, does not load more than 80% of the time. worked better on previous devices but not on S25. disappointing.}👎(Conclusion=&gt;Sucks Lorex Chinese)#2155609 https://t.co/Mb07nNWHMQ",1958873548740861953,humberwire,False,17,,0,1,"October 9, 2025 at 12:25 PM",Negative,[],[],0,0,0,1,0,35
Costco,codomain,1.9762366769902671e+18,https://x.com/humberwire/status/1976236676990267419,"Lorex in [1-star]GPlayReview:{Anthony Vicente- September 15, 2025- Not user-friendly. the app sometimes drops cameras that are hardwired into the system. I'm unable to use all the Lorex camera...meras that I bought.}👎(in a shell=&gt;Terrible Chinese Lorex)#2553342 https://t.co/MgFup7EnOY",1958873548740861953,humberwire,False,17,,0,1,"October 9, 2025 at 10:41 AM",Negative,[],[],0,0,0,1,0,41
Costco,codomain,1.9762366143651103e+18,https://x.com/humberwire/status/1976236614365110588,"Poor Lorex in GPlayReview:  {Kim Schumacher- June 3, 2025- app sucks. doesn't show recording when there is movement. crashes or says something is wrong constantly}👎(Finally=&gt;Wicked-Lorex)#1893341 https://t.co/Aa0yz6svCU",1958873548740861953,humberwire,False,17,,0,6,"October 9, 2025 at 10:41 AM",Negative,[],[],0,0,0,1,0,32
Costco,codomain,1.976233714809004e+18,https://x.com/readersdigest/status/1976233714809004224,Put your Word Power to the test with this roundup of our favorite vocabulary quizzes. Match the word to its correct definition...if you can! https://t.co/K8BROd2BOJ,15592792,readersdigest,True,117471,,0,233,"October 9, 2025 at 10:30 AM",Positive,[],[],0,0,0,1,0,29
Costco,codomain,1.9762245706728243e+18,https://x.com/humberwire/status/1976224570672824381,"Avoid Lorex Camera-GPlay: {Jay R- September 3, 2025- consistently gives me an error messages and won't play videos or recorded events. now won't even display my cameras live.}👎(In Sum=&gt;Vicious-Chinese-LorexCorporate)#2192219 https://t.co/Nfz7ySVSIM",1958873548740861953,humberwire,False,17,,0,1,"October 9, 2025 at 09:53 AM",Negative,[],[],0,0,0,1,0,36
Costco,codomain,1.9762245098974213e+18,https://x.com/humberwire/status/1976224509897421117,"Avoid Lorex Product(Lorex): {Adam Douglas- August 24, 2025- GO BUY BETTER. Over 1000$ wasted because this app does not work I have given up trying to keep my cameras running with this CANCERO...shooting, with zero success.}👎(Ultimately=&gt;Horrible Lorex)#2552218 https://t.co/h0QNBUuOsC",1958873548740861953,humberwire,False,17,,0,5,"October 9, 2025 at 09:53 AM",Negative,[],[],0,0,0,1,0,41
Costco,codomain,1.9762244446717832e+18,https://x.com/humberwire/status/1976224444671783315,"Lorex in [1-star]GPlayReview:{Donna Eagen-August 17, 2025- I have the same issues; uh oh, something went wrong. The timeline doesn't work. While watching an event on timeline, it flashes off o...re power loss. Terrible!!}👎(Conclusion=&gt;Lorex Sucks Rated)#2552217 https://t.co/s0mdBh51F0",1958873548740861953,humberwire,False,17,,0,1,"October 9, 2025 at 09:53 AM",Negative,[],[],0,0,0,1,0,41
Costco,codomain,1.9762100612960092e+18,https://x.com/humberwire/status/1976210061296009293,"Poor Lorex in GPlayReview:  {Doug Vinie- August 27, 2025- lorex is the worst. ive spent over 4000 dollars on systems for my company, garbage equip. but the apps they have awful awful awful.}👎(In Sum=&gt;Vicious-Chinese-LorexCorporate)#233166 https://t.co/PL5juktwIN",1958873548740861953,humberwire,False,17,,0,0,"October 9, 2025 at 08:56 AM",Negative,[],[],0,0,0,1,0,40
Costco,codomain,1.97612115397154e+18,https://x.com/rapebears/status/1976121153971540119,This is something Goonly Gummyton would do https://t.co/FDl118zuBf,1755639194914017280,rapebears,True,629,,0,53,"October 9, 2025 at 03:02 AM",Negative,[],[],0,0,0,1,0,11
Costco,codomain,1.9761061350326108e+18,https://x.com/rapebears/status/1976106135032610822,Sorry I can’t make it I’m going to hell. I want to take care of it now so I don’t have to worry about it later,1755639194914017280,rapebears,True,629,,1,58,"October 9, 2025 at 02:03 AM",Negative,[],[],0,0,0,0,0,22
Costco,codomain,1.9760612822616312e+18,https://x.com/rapebears/status/1976061282261631352,Self deprecation is the lowest form of humor. It’s much harder to say something positive and creative than be negative and critical,1755639194914017280,rapebears,True,629,,6,96,"October 8, 2025 at 11:04 PM",Negative,[],[],0,0,0,0,0,22
Costco,codomain,1.97605971070199e+18,https://x.com/rapebears/status/1976059710701990154,Pooped out the old me,1755639194914017280,rapebears,True,629,,4,44,"October 8, 2025 at 10:58 PM",Negative,[],[],0,0,0,0,0,5
Costco,codomain,1.9760578197335575e+18,https://x.com/rapebears/status/1976057819733557529,I’m disappointed hasan didn’t actually abuse his dog,1755639194914017280,rapebears,True,629,,1,339,"October 8, 2025 at 10:51 PM",Negative,[],[],0,0,0,0,0,7
Costco,codomain,1.976056451526427e+18,https://x.com/rapebears/status/1976056451526426935,This would be so good imagine all the new future songs about throwing Trumps in the strip club,1755639194914017280,rapebears,True,629,,3,139,"October 8, 2025 at 10:45 PM",Negative,[],[],0,0,0,0,0,18
Costco,codomain,1.9760484804824023e+18,https://x.com/rapebears/status/1976048480482402570,Tobacco smells so much better when you’re not smoking it,1755639194914017280,rapebears,True,629,,3,45,"October 8, 2025 at 10:14 PM",Negative,[],[],0,0,0,0,0,11
Costco,codomain,1.976030309293392e+18,https://x.com/readersdigest/status/1976030309293391902,Do you use an abundance of redundance? An overflowing flow of superfluous surplus? Quit being so extra with these redundant phrases. https://t.co/OKbReoBsKv,15592792,readersdigest,True,117471,,0,256,"October 8, 2025 at 09:01 PM",Positive,[],[],0,0,0,1,0,24
Costco,codomain,1.976029963024466e+18,https://x.com/rapebears/status/1976029963024466157,Ignore Goonly Gummyton at your own peril,1755639194914017280,rapebears,True,629,,1,56,"October 8, 2025 at 09:00 PM",Negative,[],[],0,0,0,0,0,7
Costco,codomain,1.9759997093542753e+18,https://x.com/readersdigest/status/1975999709354275158,Learn more about what your special birth flowers are—and what they may tell you about your own personality. https://t.co/tbPdtarRUa,15592792,readersdigest,True,117471,,1,280,"October 8, 2025 at 07:00 PM",Positive,[],[],0,0,0,1,0,22
Costco,codomain,1.97599457515733e+18,https://x.com/rapebears/status/1975994575157330120,How to know when to stop drinking coffee,1755639194914017280,rapebears,True,629,,2,95,"October 8, 2025 at 06:39 PM",Negative,[],[],0,0,0,0,0,8
Costco,codomain,1.9759876439902784e+18,https://x.com/rapebears/status/1975987643990278455,So we’re just gonna ignore this huh…..I see how it is,1755639194914017280,rapebears,True,629,,2,153,"October 8, 2025 at 06:12 PM",Negative,[],[],0,0,0,0,0,12
Costco,codomain,1.9759840533053568e+18,https://x.com/CVTSoftServe/status/1975984053305356694,"Greetings from Atlantic City, NJ at the Vistar show where I'm trying to perfect the ""look down and laugh at something"" influencer pose. It's a work in progress, but I feel comfortable giving myself a solid 6.2/10. https://t.co/63x5LvvI8e",596035197,CVTSoftServe,True,3455,"Los Angeles, CA",0,44,"October 8, 2025 at 05:58 PM",Positive,[],[],0,0,0,1,0,35
Costco,codomain,1.9759694990199355e+18,https://x.com/readersdigest/status/1975969499019935750,Only 1% to 2% of the population has red hair. But what about redheads is so special? Check out these facts about redheads to find out. https://t.co/xmtv8GDIUu,15592792,readersdigest,True,117471,,0,238,"October 8, 2025 at 05:00 PM",Positive,[],[],0,0,0,1,0,28
Costco,codomain,1.975946804341494e+18,https://x.com/readersdigest/status/1975946804341493987,Wendy's baked potatoes are a huge part of the chain's business. So why haven't any other fast-food restaurants started selling them? https://t.co/3kiVfBS7gR,15592792,readersdigest,True,117471,,0,220,"October 8, 2025 at 03:30 PM",Positive,[],[],0,0,0,1,0,25
Costco,codomain,1.9758713187350692e+18,https://x.com/readersdigest/status/1975871318735069399,"The instructions for solving this ""how many squares"" puzzle are simple: Count the squares. It seems simple, but it's trickier than you think! https://t.co/Vlu0LxyXZn",15592792,readersdigest,True,117471,,0,245,"October 8, 2025 at 10:30 AM",Positive,[],[],0,0,0,1,0,27
Costco,codomain,1.9758410960359508e+18,https://x.com/readersdigest/status/1975841096035950951,"Rural chic is everywhere, from folksy sayings to barn weddings. But what's the deal with stars on barns? We asked a real farmer to weigh in. https://t.co/pwF9tvl0Cf",15592792,readersdigest,True,117471,,1,379,"October 8, 2025 at 08:30 AM",Positive,[],[],0,0,0,1,0,30
Costco,codomain,1.975667766834168e+18,https://x.com/readersdigest/status/1975667766834168195,"A, B, C, D, F—wait, what? Why is there no E in the grading system? We got to the bottom of this education mystery. https://t.co/18ICZbrtLT",15592792,readersdigest,True,117471,,1,307,"October 7, 2025 at 09:01 PM",Positive,[],[],0,0,0,1,0,22
Costco,codomain,1.9755652650869148e+18,https://x.com/CVTSoftServe/status/1975565265086914965,"I love that people can escape from it all, and we get to be a part of the ride 😊 Thank you @_ceats , and thank you @YosemiteNPS for selling our ice cream 🙌 #WeLoveMostOfOurCustomers https://t.co/6f3ocsrfHC",596035197,CVTSoftServe,True,3455,"Los Angeles, CA",0,54,"October 7, 2025 at 02:13 PM",Positive,[],[],0,0,0,1,0,33
Costco,codomain,1.97556243018598e+18,https://x.com/CVTSoftServe/status/1975562430185980104,"We'll be serving it up today at 14141 Ventura Blvd in The Shoaks from 12-4, &amp; 5-9. See ya! https://t.co/7sUXwNrotA",596035197,CVTSoftServe,True,3455,"Los Angeles, CA",0,55,"October 7, 2025 at 02:02 PM",Positive,[],[],0,0,0,1,0,20
Costco,codomain,1.9752246036908032e+18,https://x.com/CVTSoftServe/status/1975224603690803381,"I love when folks have that ""Aha moment""...thanks so much Alex for taking a chance on us @aclfestival 🙌 #CVTexas🤠 https://t.co/U2GsmbJAWp",596035197,CVTSoftServe,True,3455,"Los Angeles, CA",1,56,"October 6, 2025 at 03:40 PM",Positive,[],[],0,0,0,1,0,21
Costco,codomain,1.975200462413632e+18,https://x.com/CVTSoftServe/status/1975200462413631923,Fun times @aclfestival ...Let's do it all over again this weekend 🙌 #CVTexas🤠 https://t.co/06bUeFu1b3,596035197,CVTSoftServe,True,3455,"Los Angeles, CA",0,52,"October 6, 2025 at 02:04 PM",Positive,[],[],0,0,0,1,0,15
Costco,codomain,1.974944149452505e+18,https://x.com/CVTSoftServe/status/1974944149452505306,Sundays are for soft serve at SoFi...Try saying that one 5 times fast! https://t.co/8I68WH9eRO,596035197,CVTSoftServe,True,3455,"Los Angeles, CA",0,75,"October 5, 2025 at 09:05 PM",Positive,[],[],0,0,0,1,0,17
Costco,codomain,1.9748648053927693e+18,https://x.com/CartChaos22202/status/1974864805392769215,"🚨 🍖 🚨 @rocklandsbbq food truck along S. 15th Street in Pentagon City, right next to the softball field, but only until 12:30pm. 🚨 🍖 🚨 https://t.co/n4wFPvfaY4",924694025663406080,CartChaos22202,False,368,"Arlington, VA 22202",1,66,"October 5, 2025 at 03:50 PM",Positive,[],[],0,0,0,1,0,22
Costco,codomain,1.9748373673630188e+18,https://x.com/CVTSoftServe/status/1974837367363018851,"We'll be serving it up today at 14141 Ventura Blvd in The Shoaks from 12-4, &amp; 5-9. See ya! https://t.co/7DO4asOcNU",596035197,CVTSoftServe,True,3455,"Los Angeles, CA",0,70,"October 5, 2025 at 02:01 PM",Positive,[],[],0,0,0,1,0,21
Costco,codomain,1.974564079215002e+18,https://x.com/yushitowa/status/1974564079215001941,"金曜日、土曜日忙しすぎた😵

おやすみ",1944237731288428545,yushitowa,False,37,,0,73,"October 4, 2025 at 07:55 PM",Positive,[],[],0,0,0,0,0,0
Costco,codomain,1.974209994699441e+18,https://x.com/CartChaos22202/status/1974209994699440611,Our neighborhood shouldn’t look like this. It’s embarrassing. (S.15th Street Between Hayes + Fern). ⁦⁦@ArlingtonVA⁩ ⁦@AuroraHighlands⁩ @ArlingtonDES⁩ ⁦@ARLnowDOTcom⁩ ⁦@NationalLanding⁩ ⁦@WTOP⁩ @amazon⁩ #22202 🛒 cc:⁦@CartNarcs⁩ https://t.co/aflgkhEc4h,924694025663406080,CartChaos22202,False,368,"Arlington, VA 22202",7,513,"October 3, 2025 at 08:28 PM",Positive,[],[],0,0,0,1,0,25
Costco,codomain,1.9741470712562852e+18,https://x.com/CartChaos22202/status/1974147071256285208,Walked by the clock at 12th + S. Hayes + realized it’s still broken after almost ONE YEAR! It’s 4 hours slow. ⁦@ARLnowDOTcom⁩ - Can you get McCaffery on this for an investigative piece? Who owns this thing?! ⁦@ArlingtonDES⁩ ⁦@ArlCountyBoard⁩ ⁦@kimcorealty⁩ https://t.co/4CFIpfnbAh,924694025663406080,CartChaos22202,False,368,"Arlington, VA 22202",0,84,"October 3, 2025 at 04:18 PM",Positive,[],[],0,0,0,1,0,39
Costco,codomain,1.973709203299611e+18,https://x.com/CartChaos22202/status/1973709203299610919,"Hello ⁦@wmata⁩ - I saw some graffiti this morning on the wall of rail car 7581, near door 6. 🚇 https://t.co/m6twl6A5Qv",924694025663406080,CartChaos22202,False,368,"Arlington, VA 22202",0,412,"October 2, 2025 at 11:18 AM",Positive,[],[],0,0,0,1,0,19
Costco,codomain,1.9724402936278633e+18,https://x.com/CartChaos22202/status/1972440293627863451,Look at this beautiful sky. Most people refer to this as Heaven on Earth; I just call it ⁦@NationalLanding⁩. 🤩 😇 ☀️ ☁️🙋🏼‍♂️📸 (🛒) ⁦@capitalweather⁩ ⁦@WTOP⁩ @ARLnowDOTcom⁩ #22202 https://t.co/rqjgMh3acg,924694025663406080,CartChaos22202,False,368,"Arlington, VA 22202",30,14865,"September 28, 2025 at 11:16 PM",Positive,[],[],0,0,0,1,0,25
Costco,codomain,1.9710705080967455e+18,https://x.com/yushitowa/status/1971070508096745532,"毎朝起きたら彼氏が横でスヤスヤ寝てる👼

幸せ🏠",1944237731288428545,yushitowa,False,37,,4,167,"September 25, 2025 at 04:33 AM",Positive,[],[],0,0,0,0,0,0
Costco,codomain,1.970682896819331e+18,https://x.com/yushitowa/status/1970682896819331218,米国株🇺🇸💰😊,1944237731288428545,yushitowa,False,37,,1,129,"September 24, 2025 at 02:53 AM",Positive,[],[],0,0,0,0,0,0
Costco,codomain,1.9704509570633692e+18,https://x.com/CartChaos22202/status/1970450957063369151,Unsure if this is the work of a service dog or a human being but do not step in this if you happen to board rail car 6018 near door #7. ⁦@wmata⁩ https://t.co/72IGZZhIo2,924694025663406080,CartChaos22202,False,368,"Arlington, VA 22202",0,421,"September 23, 2025 at 11:31 AM",Positive,[],[],0,0,0,1,0,31
Costco,codomain,1.9690962672684977e+18,https://x.com/CartChaos22202/status/1969096267268497641,"Get ready for the chaos, @STATter911, and I’m not talkin’ ‘bout carts! 🍺🍷🥃🍹🐂 🚑 🏥 🤷🏼‍♂️🤦🏼‍♂️",924694025663406080,CartChaos22202,False,368,"Arlington, VA 22202",0,80,"September 19, 2025 at 05:48 PM",Positive,[],[],0,0,0,0,0,11
Costco,codomain,1.9690952538072392e+18,https://x.com/CartChaos22202/status/1969095253807239282,Exciting news from @westpostva. 🇮🇳🥘🛒,924694025663406080,CartChaos22202,False,368,"Arlington, VA 22202",0,90,"September 19, 2025 at 05:44 PM",Positive,[],[],0,0,0,0,0,4
Costco,codomain,1.9662635851575583e+18,https://x.com/CartChaos22202/status/1966263585157558521,🇵🇹 🍷 🛒,924694025663406080,CartChaos22202,False,368,"Arlington, VA 22202",0,106,"September 11, 2025 at 10:12 PM",Positive,[],[],0,0,0,0,0,0
Costco,codomain,1.9658671434945132e+18,https://x.com/CartChaos22202/status/1965867143494513142,"Hello @wmata - A couple of the signage boards that indicate train departure time are not working at the Branch Avenue station, so as you come down the stairs it’s not clear which train is leaving first. Can you have @wmataGM get up on a ladder and fix? Thank you. 🚇 🪜 💡 💡",924694025663406080,CartChaos22202,False,368,"Arlington, VA 22202",0,985,"September 10, 2025 at 07:57 PM",Positive,[],[],0,0,0,0,0,47
Costco,codomain,1.9638284984450132e+18,https://x.com/_mika_ns_/status/1963828498445013222,"半年前、母が転倒し骨折、自宅売却、施設入所💦
はぁ〜1個片付けると1個仕事が増える
😭💦💦
もういい加減解放されたいよー😭",1028222332802715649,_mika_ns_,False,18,,0,14,"September 5, 2025 at 04:56 AM",Positive,[],[],0,0,0,0,0,0
